0, 0, Header, 1, 6, 120
1, 0, Start_track
1, 0, Title_t, "Alex Kidd in Miracle World - Underwater"
1, 0, Copyright_t, "Master System"
1, 0, Time_signature, 4, 2, 24, 8
1, 0, Key_signature, 0, "major"
1, 0, Tempo, 533333
1, 0, Marker_t, "Start"
1, 15360, Marker_t, "End"
1, 15360, End_track
2, 0, Start_track
2, 0, Title_t, "Original composer: Tokuhiko Uwabo"
2, 0, Control_c, 0, 0, 0
2, 0, Control_c, 0, 32, 0
2, 0, Program_c, 0, 80
2, 0, Control_c, 0, 7, 127
2, 0, Control_c, 0, 10, 64
2, 0, Note_on_c, 0, 79, 100
2, 50, Note_on_c, 0, 79, 0
2, 180, Note_on_c, 0, 79, 100
2, 230, Note_on_c, 0, 79, 0
2, 240, Note_on_c, 0, 77, 100
2, 290, Note_on_c, 0, 77, 0
2, 420, Note_on_c, 0, 77, 100
2, 470, Note_on_c, 0, 77, 0
2, 480, Note_on_c, 0, 75, 100
2, 530, Note_on_c, 0, 75, 0
2, 660, Note_on_c, 0, 75, 100
2, 720, Note_on_c, 0, 75, 0
2, 720, Note_on_c, 0, 75, 100
2, 780, Note_on_c, 0, 75, 0
2, 780, Note_on_c, 0, 74, 100
2, 900, Note_on_c, 0, 74, 0
2, 900, Note_on_c, 0, 75, 100
2, 960, Note_on_c, 0, 75, 0
2, 960, Note_on_c, 0, 75, 100
2, 1140, Note_on_c, 0, 75, 0
2, 1140, Note_on_c, 0, 74, 100
2, 1680, Note_on_c, 0, 74, 0
2, 1920, Note_on_c, 0, 77, 100
2, 1970, Note_on_c, 0, 77, 0
2, 2100, Note_on_c, 0, 77, 100
2, 2150, Note_on_c, 0, 77, 0
2, 2160, Note_on_c, 0, 75, 100
2, 2210, Note_on_c, 0, 75, 0
2, 2340, Note_on_c, 0, 75, 100
2, 2390, Note_on_c, 0, 75, 0
2, 2400, Note_on_c, 0, 74, 100
2, 2450, Note_on_c, 0, 74, 0
2, 2580, Note_on_c, 0, 74, 100
2, 2640, Note_on_c, 0, 74, 0
2, 2640, Note_on_c, 0, 79, 100
2, 2700, Note_on_c, 0, 79, 0
2, 2700, Note_on_c, 0, 79, 100
2, 2820, Note_on_c, 0, 79, 0
2, 2820, Note_on_c, 0, 77, 100
2, 2880, Note_on_c, 0, 77, 0
2, 2880, Note_on_c, 0, 75, 100
2, 3600, Note_on_c, 0, 75, 0
2, 3840, Note_on_c, 0, 79, 100
2, 3890, Note_on_c, 0, 79, 0
2, 4020, Note_on_c, 0, 79, 100
2, 4070, Note_on_c, 0, 79, 0
2, 4080, Note_on_c, 0, 77, 100
2, 4130, Note_on_c, 0, 77, 0
2, 4260, Note_on_c, 0, 77, 100
2, 4310, Note_on_c, 0, 77, 0
2, 4320, Note_on_c, 0, 75, 100
2, 4370, Note_on_c, 0, 75, 0
2, 4500, Note_on_c, 0, 75, 100
2, 4560, Note_on_c, 0, 75, 0
2, 4560, Note_on_c, 0, 75, 100
2, 4620, Note_on_c, 0, 75, 0
2, 4620, Note_on_c, 0, 74, 100
2, 4740, Note_on_c, 0, 74, 0
2, 4740, Note_on_c, 0, 75, 100
2, 4800, Note_on_c, 0, 75, 0
2, 4800, Note_on_c, 0, 75, 100
2, 4980, Note_on_c, 0, 75, 0
2, 4980, Note_on_c, 0, 74, 100
2, 5520, Note_on_c, 0, 74, 0
2, 5760, Note_on_c, 0, 77, 100
2, 5810, Note_on_c, 0, 77, 0
2, 5940, Note_on_c, 0, 77, 100
2, 5990, Note_on_c, 0, 77, 0
2, 6000, Note_on_c, 0, 75, 100
2, 6050, Note_on_c, 0, 75, 0
2, 6180, Note_on_c, 0, 75, 100
2, 6230, Note_on_c, 0, 75, 0
2, 6240, Note_on_c, 0, 74, 100
2, 6290, Note_on_c, 0, 74, 0
2, 6420, Note_on_c, 0, 74, 100
2, 6480, Note_on_c, 0, 74, 0
2, 6480, Note_on_c, 0, 79, 100
2, 6540, Note_on_c, 0, 79, 0
2, 6540, Note_on_c, 0, 79, 100
2, 6660, Note_on_c, 0, 79, 0
2, 6660, Note_on_c, 0, 77, 100
2, 6720, Note_on_c, 0, 77, 0
2, 6720, Note_on_c, 0, 75, 100
2, 7440, Note_on_c, 0, 75, 0
2, 7500, Note_on_c, 0, 70, 100
2, 7560, Note_on_c, 0, 70, 0
2, 7560, Note_on_c, 0, 72, 100
2, 7620, Note_on_c, 0, 72, 0
2, 7620, Note_on_c, 0, 74, 100
2, 7680, Note_on_c, 0, 74, 0
2, 7680, Note_on_c, 0, 75, 100
2, 7860, Note_on_c, 0, 75, 0
2, 7860, Note_on_c, 0, 74, 100
2, 7920, Note_on_c, 0, 74, 0
2, 7920, Note_on_c, 0, 72, 100
2, 8100, Note_on_c, 0, 72, 0
2, 8100, Note_on_c, 0, 74, 100
2, 8160, Note_on_c, 0, 74, 0
2, 8160, Note_on_c, 0, 75, 100
2, 8340, Note_on_c, 0, 75, 0
2, 8340, Note_on_c, 0, 74, 100
2, 8400, Note_on_c, 0, 74, 0
2, 8400, Note_on_c, 0, 77, 100
2, 8460, Note_on_c, 0, 77, 0
2, 8460, Note_on_c, 0, 75, 100
2, 8580, Note_on_c, 0, 75, 0
2, 8580, Note_on_c, 0, 74, 100
2, 8640, Note_on_c, 0, 74, 0
2, 8640, Note_on_c, 0, 74, 100
2, 8820, Note_on_c, 0, 74, 0
2, 8820, Note_on_c, 0, 72, 100
2, 9360, Note_on_c, 0, 72, 0
2, 9600, Note_on_c, 0, 74, 100
2, 9780, Note_on_c, 0, 74, 0
2, 9780, Note_on_c, 0, 72, 100
2, 9840, Note_on_c, 0, 72, 0
2, 9840, Note_on_c, 0, 70, 100
2, 10020, Note_on_c, 0, 70, 0
2, 10020, Note_on_c, 0, 72, 100
2, 10080, Note_on_c, 0, 72, 0
2, 10080, Note_on_c, 0, 74, 100
2, 10200, Note_on_c, 0, 74, 0
2, 10320, Note_on_c, 0, 79, 100
2, 10380, Note_on_c, 0, 79, 0
2, 10380, Note_on_c, 0, 79, 100
2, 10500, Note_on_c, 0, 79, 0
2, 10500, Note_on_c, 0, 77, 100
2, 10560, Note_on_c, 0, 77, 0
2, 10560, Note_on_c, 0, 75, 100
2, 11280, Note_on_c, 0, 75, 0
2, 11340, Note_on_c, 0, 70, 100
2, 11400, Note_on_c, 0, 70, 0
2, 11400, Note_on_c, 0, 72, 100
2, 11460, Note_on_c, 0, 72, 0
2, 11460, Note_on_c, 0, 74, 100
2, 11520, Note_on_c, 0, 74, 0
2, 11520, Note_on_c, 0, 75, 100
2, 11700, Note_on_c, 0, 75, 0
2, 11700, Note_on_c, 0, 74, 100
2, 11760, Note_on_c, 0, 74, 0
2, 11760, Note_on_c, 0, 72, 100
2, 11940, Note_on_c, 0, 72, 0
2, 11940, Note_on_c, 0, 74, 100
2, 12000, Note_on_c, 0, 74, 0
2, 12000, Note_on_c, 0, 75, 100
2, 12180, Note_on_c, 0, 75, 0
2, 12180, Note_on_c, 0, 74, 100
2, 12240, Note_on_c, 0, 74, 0
2, 12240, Note_on_c, 0, 77, 100
2, 12300, Note_on_c, 0, 77, 0
2, 12300, Note_on_c, 0, 75, 100
2, 12420, Note_on_c, 0, 75, 0
2, 12420, Note_on_c, 0, 74, 100
2, 12480, Note_on_c, 0, 74, 0
2, 12480, Note_on_c, 0, 74, 100
2, 12660, Note_on_c, 0, 74, 0
2, 12660, Note_on_c, 0, 72, 100
2, 13200, Note_on_c, 0, 72, 0
2, 13440, Note_on_c, 0, 74, 100
2, 13620, Note_on_c, 0, 74, 0
2, 13620, Note_on_c, 0, 72, 100
2, 13680, Note_on_c, 0, 72, 0
2, 13680, Note_on_c, 0, 70, 100
2, 13860, Note_on_c, 0, 70, 0
2, 13860, Note_on_c, 0, 72, 100
2, 13920, Note_on_c, 0, 72, 0
2, 13920, Note_on_c, 0, 74, 100
2, 14040, Note_on_c, 0, 74, 0
2, 14160, Note_on_c, 0, 79, 100
2, 14220, Note_on_c, 0, 79, 0
2, 14220, Note_on_c, 0, 79, 100
2, 14340, Note_on_c, 0, 79, 0
2, 14340, Note_on_c, 0, 77, 100
2, 14400, Note_on_c, 0, 77, 0
2, 14400, Note_on_c, 0, 75, 100
2, 15120, Note_on_c, 0, 75, 0
2, 15360, Note_on_c, 0, 79, 100
2, 15410, Note_on_c, 0, 79, 0
2, 15540, Note_on_c, 0, 79, 100
2, 15590, Note_on_c, 0, 79, 0
2, 15600, Note_on_c, 0, 77, 100
2, 15650, Note_on_c, 0, 77, 0
2, 15780, Note_on_c, 0, 77, 100
2, 15830, Note_on_c, 0, 77, 0
2, 15840, Note_on_c, 0, 75, 100
2, 15890, Note_on_c, 0, 75, 0
2, 16020, Note_on_c, 0, 75, 100
2, 16080, Note_on_c, 0, 75, 0
2, 16080, Note_on_c, 0, 75, 100
2, 16140, Note_on_c, 0, 75, 0
2, 16140, Note_on_c, 0, 74, 100
2, 16260, Note_on_c, 0, 74, 0
2, 16260, Note_on_c, 0, 75, 100
2, 16320, Note_on_c, 0, 75, 0
2, 16320, Note_on_c, 0, 75, 100
2, 16500, Note_on_c, 0, 75, 0
2, 16500, Note_on_c, 0, 74, 100
2, 17040, Note_on_c, 0, 74, 0
2, 17280, Note_on_c, 0, 77, 100
2, 17330, Note_on_c, 0, 77, 0
2, 17460, Note_on_c, 0, 77, 100
2, 17510, Note_on_c, 0, 77, 0
2, 17520, Note_on_c, 0, 75, 100
2, 17570, Note_on_c, 0, 75, 0
2, 17700, Note_on_c, 0, 75, 100
2, 17750, Note_on_c, 0, 75, 0
2, 17760, Note_on_c, 0, 74, 100
2, 17810, Note_on_c, 0, 74, 0
2, 17940, Note_on_c, 0, 74, 100
2, 18000, Note_on_c, 0, 74, 0
2, 18000, Note_on_c, 0, 79, 100
2, 18060, Note_on_c, 0, 79, 0
2, 18060, Note_on_c, 0, 79, 100
2, 18180, Note_on_c, 0, 79, 0
2, 18180, Note_on_c, 0, 77, 100
2, 18240, Note_on_c, 0, 77, 0
2, 18240, Note_on_c, 0, 75, 100
2, 18960, Note_on_c, 0, 75, 0
2, 19200, Note_on_c, 0, 79, 100
2, 19250, Note_on_c, 0, 79, 0
2, 19380, Note_on_c, 0, 79, 100
2, 19430, Note_on_c, 0, 79, 0
2, 19440, Note_on_c, 0, 77, 100
2, 19490, Note_on_c, 0, 77, 0
2, 19620, Note_on_c, 0, 77, 100
2, 19670, Note_on_c, 0, 77, 0
2, 19680, Note_on_c, 0, 75, 100
2, 19730, Note_on_c, 0, 75, 0
2, 19860, Note_on_c, 0, 75, 100
2, 19920, Note_on_c, 0, 75, 0
2, 19920, Note_on_c, 0, 75, 100
2, 19980, Note_on_c, 0, 75, 0
2, 19980, Note_on_c, 0, 74, 100
2, 20100, Note_on_c, 0, 74, 0
2, 20100, Note_on_c, 0, 75, 100
2, 20160, Note_on_c, 0, 75, 0
2, 20160, Note_on_c, 0, 75, 100
2, 20340, Note_on_c, 0, 75, 0
2, 20340, Note_on_c, 0, 74, 100
2, 20880, Note_on_c, 0, 74, 0
2, 21120, Note_on_c, 0, 77, 100
2, 21170, Note_on_c, 0, 77, 0
2, 21300, Note_on_c, 0, 77, 100
2, 21350, Note_on_c, 0, 77, 0
2, 21360, Note_on_c, 0, 75, 100
2, 21410, Note_on_c, 0, 75, 0
2, 21540, Note_on_c, 0, 75, 100
2, 21590, Note_on_c, 0, 75, 0
2, 21600, Note_on_c, 0, 74, 100
2, 21650, Note_on_c, 0, 74, 0
2, 21780, Note_on_c, 0, 74, 100
2, 21840, Note_on_c, 0, 74, 0
2, 21840, Note_on_c, 0, 79, 100
2, 21900, Note_on_c, 0, 79, 0
2, 21900, Note_on_c, 0, 79, 100
2, 22020, Note_on_c, 0, 79, 0
2, 22020, Note_on_c, 0, 77, 100
2, 22080, Note_on_c, 0, 77, 0
2, 22080, Note_on_c, 0, 75, 100
2, 22800, Note_on_c, 0, 75, 0
2, 22860, Note_on_c, 0, 70, 100
2, 22920, Note_on_c, 0, 70, 0
2, 22920, Note_on_c, 0, 72, 100
2, 22980, Note_on_c, 0, 72, 0
2, 22980, Note_on_c, 0, 74, 100
2, 23040, Note_on_c, 0, 74, 0
2, 23040, Note_on_c, 0, 75, 100
2, 23220, Note_on_c, 0, 75, 0
2, 23220, Note_on_c, 0, 74, 100
2, 23280, Note_on_c, 0, 74, 0
2, 23280, Note_on_c, 0, 72, 100
2, 23460, Note_on_c, 0, 72, 0
2, 23460, Note_on_c, 0, 74, 100
2, 23520, Note_on_c, 0, 74, 0
2, 23520, Note_on_c, 0, 75, 100
2, 23700, Note_on_c, 0, 75, 0
2, 23700, Note_on_c, 0, 74, 100
2, 23760, Note_on_c, 0, 74, 0
2, 23760, Note_on_c, 0, 77, 100
2, 23820, Note_on_c, 0, 77, 0
2, 23820, Note_on_c, 0, 75, 100
2, 23940, Note_on_c, 0, 75, 0
2, 23940, Note_on_c, 0, 74, 100
2, 24000, Note_on_c, 0, 74, 0
2, 24000, Note_on_c, 0, 74, 100
2, 24180, Note_on_c, 0, 74, 0
2, 24180, Note_on_c, 0, 72, 100
2, 24720, Note_on_c, 0, 72, 0
2, 24960, Note_on_c, 0, 74, 100
2, 25140, Note_on_c, 0, 74, 0
2, 25140, Note_on_c, 0, 72, 100
2, 25200, Note_on_c, 0, 72, 0
2, 25200, Note_on_c, 0, 70, 100
2, 25380, Note_on_c, 0, 70, 0
2, 25380, Note_on_c, 0, 72, 100
2, 25440, Note_on_c, 0, 72, 0
2, 25440, Note_on_c, 0, 74, 100
2, 25560, Note_on_c, 0, 74, 0
2, 25680, Note_on_c, 0, 79, 100
2, 25740, Note_on_c, 0, 79, 0
2, 25740, Note_on_c, 0, 79, 100
2, 25860, Note_on_c, 0, 79, 0
2, 25860, Note_on_c, 0, 77, 100
2, 25920, Note_on_c, 0, 77, 0
2, 25920, Note_on_c, 0, 75, 100
2, 26640, Note_on_c, 0, 75, 0
2, 26700, Note_on_c, 0, 70, 100
2, 26760, Note_on_c, 0, 70, 0
2, 26760, Note_on_c, 0, 72, 100
2, 26820, Note_on_c, 0, 72, 0
2, 26820, Note_on_c, 0, 74, 100
2, 26880, Note_on_c, 0, 74, 0
2, 26880, Note_on_c, 0, 75, 100
2, 27060, Note_on_c, 0, 75, 0
2, 27060, Note_on_c, 0, 74, 100
2, 27120, Note_on_c, 0, 74, 0
2, 27120, Note_on_c, 0, 72, 100
2, 27300, Note_on_c, 0, 72, 0
2, 27300, Note_on_c, 0, 74, 100
2, 27360, Note_on_c, 0, 74, 0
2, 27360, Note_on_c, 0, 75, 100
2, 27540, Note_on_c, 0, 75, 0
2, 27540, Note_on_c, 0, 74, 100
2, 27600, Note_on_c, 0, 74, 0
2, 27600, Note_on_c, 0, 77, 100
2, 27660, Note_on_c, 0, 77, 0
2, 27660, Note_on_c, 0, 75, 100
2, 27780, Note_on_c, 0, 75, 0
2, 27780, Note_on_c, 0, 74, 100
2, 27840, Note_on_c, 0, 74, 0
2, 27840, Note_on_c, 0, 74, 100
2, 28020, Note_on_c, 0, 74, 0
2, 28020, Note_on_c, 0, 72, 100
2, 28560, Note_on_c, 0, 72, 0
2, 28800, Note_on_c, 0, 74, 100
2, 28980, Note_on_c, 0, 74, 0
2, 28980, Note_on_c, 0, 72, 100
2, 29040, Note_on_c, 0, 72, 0
2, 29040, Note_on_c, 0, 70, 100
2, 29220, Note_on_c, 0, 70, 0
2, 29220, Note_on_c, 0, 72, 100
2, 29280, Note_on_c, 0, 72, 0
2, 29280, Note_on_c, 0, 74, 100
2, 29400, Note_on_c, 0, 74, 0
2, 29520, Note_on_c, 0, 79, 100
2, 29580, Note_on_c, 0, 79, 0
2, 29580, Note_on_c, 0, 79, 100
2, 29700, Note_on_c, 0, 79, 0
2, 29700, Note_on_c, 0, 77, 100
2, 29760, Note_on_c, 0, 77, 0
2, 29760, Note_on_c, 0, 75, 100
2, 30480, Note_on_c, 0, 75, 0
2, 30480, End_track
3, 0, Start_track
3, 0, Title_t, "Sequenced by Joï¿½o *Johnnyz* Buaes"
3, 0, Control_c, 1, 0, 0
3, 0, Control_c, 1, 32, 0
3, 0, Program_c, 1, 80
3, 0, Control_c, 1, 7, 108
3, 0, Control_c, 1, 10, 64
3, 0, Note_on_c, 1, 63, 100
3, 30, Note_on_c, 1, 63, 0
3, 90, Note_on_c, 1, 63, 100
3, 120, Note_on_c, 1, 63, 0
3, 120, Note_on_c, 1, 58, 100
3, 150, Note_on_c, 1, 58, 0
3, 180, Note_on_c, 1, 63, 100
3, 210, Note_on_c, 1, 63, 0
3, 240, Note_on_c, 1, 63, 100
3, 270, Note_on_c, 1, 63, 0
3, 330, Note_on_c, 1, 63, 100
3, 360, Note_on_c, 1, 63, 0
3, 360, Note_on_c, 1, 58, 100
3, 390, Note_on_c, 1, 58, 0
3, 420, Note_on_c, 1, 63, 100
3, 450, Note_on_c, 1, 63, 0
3, 480, Note_on_c, 1, 63, 100
3, 510, Note_on_c, 1, 63, 0
3, 570, Note_on_c, 1, 63, 100
3, 600, Note_on_c, 1, 63, 0
3, 600, Note_on_c, 1, 58, 100
3, 630, Note_on_c, 1, 58, 0
3, 660, Note_on_c, 1, 63, 100
3, 690, Note_on_c, 1, 63, 0
3, 720, Note_on_c, 1, 63, 100
3, 750, Note_on_c, 1, 63, 0
3, 780, Note_on_c, 1, 65, 100
3, 810, Note_on_c, 1, 65, 0
3, 900, Note_on_c, 1, 63, 100
3, 930, Note_on_c, 1, 63, 0
3, 960, Note_on_c, 1, 58, 100
3, 990, Note_on_c, 1, 58, 0
3, 1050, Note_on_c, 1, 58, 100
3, 1080, Note_on_c, 1, 58, 0
3, 1080, Note_on_c, 1, 53, 100
3, 1110, Note_on_c, 1, 53, 0
3, 1140, Note_on_c, 1, 58, 100
3, 1170, Note_on_c, 1, 58, 0
3, 1200, Note_on_c, 1, 58, 100
3, 1230, Note_on_c, 1, 58, 0
3, 1290, Note_on_c, 1, 58, 100
3, 1320, Note_on_c, 1, 58, 0
3, 1320, Note_on_c, 1, 53, 100
3, 1350, Note_on_c, 1, 53, 0
3, 1380, Note_on_c, 1, 58, 100
3, 1410, Note_on_c, 1, 58, 0
3, 1440, Note_on_c, 1, 58, 100
3, 1470, Note_on_c, 1, 58, 0
3, 1530, Note_on_c, 1, 58, 100
3, 1560, Note_on_c, 1, 58, 0
3, 1560, Note_on_c, 1, 53, 100
3, 1590, Note_on_c, 1, 53, 0
3, 1620, Note_on_c, 1, 58, 100
3, 1650, Note_on_c, 1, 58, 0
3, 1680, Note_on_c, 1, 58, 100
3, 1710, Note_on_c, 1, 58, 0
3, 1770, Note_on_c, 1, 58, 100
3, 1800, Note_on_c, 1, 58, 0
3, 1800, Note_on_c, 1, 53, 100
3, 1830, Note_on_c, 1, 53, 0
3, 1860, Note_on_c, 1, 58, 100
3, 1890, Note_on_c, 1, 58, 0
3, 1920, Note_on_c, 1, 58, 100
3, 1950, Note_on_c, 1, 58, 0
3, 2010, Note_on_c, 1, 58, 100
3, 2040, Note_on_c, 1, 58, 0
3, 2040, Note_on_c, 1, 53, 100
3, 2070, Note_on_c, 1, 53, 0
3, 2100, Note_on_c, 1, 58, 100
3, 2130, Note_on_c, 1, 58, 0
3, 2160, Note_on_c, 1, 58, 100
3, 2190, Note_on_c, 1, 58, 0
3, 2250, Note_on_c, 1, 58, 100
3, 2280, Note_on_c, 1, 58, 0
3, 2280, Note_on_c, 1, 53, 100
3, 2310, Note_on_c, 1, 53, 0
3, 2340, Note_on_c, 1, 58, 100
3, 2370, Note_on_c, 1, 58, 0
3, 2400, Note_on_c, 1, 58, 100
3, 2430, Note_on_c, 1, 58, 0
3, 2490, Note_on_c, 1, 58, 100
3, 2520, Note_on_c, 1, 58, 0
3, 2520, Note_on_c, 1, 53, 100
3, 2550, Note_on_c, 1, 53, 0
3, 2580, Note_on_c, 1, 58, 100
3, 2610, Note_on_c, 1, 58, 0
3, 2640, Note_on_c, 1, 58, 100
3, 2670, Note_on_c, 1, 58, 0
3, 2700, Note_on_c, 1, 58, 100
3, 2730, Note_on_c, 1, 58, 0
3, 2760, Note_on_c, 1, 60, 100
3, 2790, Note_on_c, 1, 60, 0
3, 2820, Note_on_c, 1, 62, 100
3, 2850, Note_on_c, 1, 62, 0
3, 2880, Note_on_c, 1, 63, 100
3, 2910, Note_on_c, 1, 63, 0
3, 2970, Note_on_c, 1, 63, 100
3, 3000, Note_on_c, 1, 63, 0
3, 3000, Note_on_c, 1, 58, 100
3, 3030, Note_on_c, 1, 58, 0
3, 3060, Note_on_c, 1, 63, 100
3, 3090, Note_on_c, 1, 63, 0
3, 3120, Note_on_c, 1, 63, 100
3, 3150, Note_on_c, 1, 63, 0
3, 3210, Note_on_c, 1, 63, 100
3, 3240, Note_on_c, 1, 63, 0
3, 3240, Note_on_c, 1, 58, 100
3, 3270, Note_on_c, 1, 58, 0
3, 3300, Note_on_c, 1, 63, 100
3, 3330, Note_on_c, 1, 63, 0
3, 3360, Note_on_c, 1, 63, 100
3, 3390, Note_on_c, 1, 63, 0
3, 3450, Note_on_c, 1, 63, 100
3, 3480, Note_on_c, 1, 63, 0
3, 3480, Note_on_c, 1, 58, 100
3, 3510, Note_on_c, 1, 58, 0
3, 3540, Note_on_c, 1, 63, 100
3, 3570, Note_on_c, 1, 63, 0
3, 3600, Note_on_c, 1, 58, 100
3, 3630, Note_on_c, 1, 58, 0
3, 3660, Note_on_c, 1, 70, 100
3, 3690, Note_on_c, 1, 70, 0
3, 3720, Note_on_c, 1, 68, 100
3, 3750, Note_on_c, 1, 68, 0
3, 3780, Note_on_c, 1, 67, 100
3, 3810, Note_on_c, 1, 67, 0
3, 3840, Note_on_c, 1, 63, 100
3, 3870, Note_on_c, 1, 63, 0
3, 3930, Note_on_c, 1, 63, 100
3, 3960, Note_on_c, 1, 63, 0
3, 3960, Note_on_c, 1, 58, 100
3, 3990, Note_on_c, 1, 58, 0
3, 4020, Note_on_c, 1, 63, 100
3, 4050, Note_on_c, 1, 63, 0
3, 4080, Note_on_c, 1, 63, 100
3, 4110, Note_on_c, 1, 63, 0
3, 4170, Note_on_c, 1, 63, 100
3, 4200, Note_on_c, 1, 63, 0
3, 4200, Note_on_c, 1, 58, 100
3, 4230, Note_on_c, 1, 58, 0
3, 4260, Note_on_c, 1, 63, 100
3, 4290, Note_on_c, 1, 63, 0
3, 4320, Note_on_c, 1, 63, 100
3, 4350, Note_on_c, 1, 63, 0
3, 4410, Note_on_c, 1, 63, 100
3, 4440, Note_on_c, 1, 63, 0
3, 4440, Note_on_c, 1, 58, 100
3, 4470, Note_on_c, 1, 58, 0
3, 4500, Note_on_c, 1, 63, 100
3, 4530, Note_on_c, 1, 63, 0
3, 4560, Note_on_c, 1, 63, 100
3, 4590, Note_on_c, 1, 63, 0
3, 4620, Note_on_c, 1, 65, 100
3, 4650, Note_on_c, 1, 65, 0
3, 4740, Note_on_c, 1, 63, 100
3, 4770, Note_on_c, 1, 63, 0
3, 4800, Note_on_c, 1, 58, 100
3, 4830, Note_on_c, 1, 58, 0
3, 4890, Note_on_c, 1, 58, 100
3, 4920, Note_on_c, 1, 58, 0
3, 4920, Note_on_c, 1, 53, 100
3, 4950, Note_on_c, 1, 53, 0
3, 4980, Note_on_c, 1, 58, 100
3, 5010, Note_on_c, 1, 58, 0
3, 5040, Note_on_c, 1, 58, 100
3, 5070, Note_on_c, 1, 58, 0
3, 5130, Note_on_c, 1, 58, 100
3, 5160, Note_on_c, 1, 58, 0
3, 5160, Note_on_c, 1, 53, 100
3, 5190, Note_on_c, 1, 53, 0
3, 5220, Note_on_c, 1, 58, 100
3, 5250, Note_on_c, 1, 58, 0
3, 5280, Note_on_c, 1, 58, 100
3, 5310, Note_on_c, 1, 58, 0
3, 5370, Note_on_c, 1, 58, 100
3, 5400, Note_on_c, 1, 58, 0
3, 5400, Note_on_c, 1, 53, 100
3, 5430, Note_on_c, 1, 53, 0
3, 5460, Note_on_c, 1, 58, 100
3, 5490, Note_on_c, 1, 58, 0
3, 5520, Note_on_c, 1, 58, 100
3, 5550, Note_on_c, 1, 58, 0
3, 5610, Note_on_c, 1, 58, 100
3, 5640, Note_on_c, 1, 58, 0
3, 5640, Note_on_c, 1, 53, 100
3, 5670, Note_on_c, 1, 53, 0
3, 5700, Note_on_c, 1, 58, 100
3, 5730, Note_on_c, 1, 58, 0
3, 5760, Note_on_c, 1, 58, 100
3, 5790, Note_on_c, 1, 58, 0
3, 5850, Note_on_c, 1, 58, 100
3, 5880, Note_on_c, 1, 58, 0
3, 5880, Note_on_c, 1, 53, 100
3, 5910, Note_on_c, 1, 53, 0
3, 5940, Note_on_c, 1, 58, 100
3, 5970, Note_on_c, 1, 58, 0
3, 6000, Note_on_c, 1, 58, 100
3, 6030, Note_on_c, 1, 58, 0
3, 6090, Note_on_c, 1, 58, 100
3, 6120, Note_on_c, 1, 58, 0
3, 6120, Note_on_c, 1, 53, 100
3, 6150, Note_on_c, 1, 53, 0
3, 6180, Note_on_c, 1, 58, 100
3, 6210, Note_on_c, 1, 58, 0
3, 6240, Note_on_c, 1, 58, 100
3, 6270, Note_on_c, 1, 58, 0
3, 6330, Note_on_c, 1, 58, 100
3, 6360, Note_on_c, 1, 58, 0
3, 6360, Note_on_c, 1, 53, 100
3, 6390, Note_on_c, 1, 53, 0
3, 6420, Note_on_c, 1, 58, 100
3, 6450, Note_on_c, 1, 58, 0
3, 6480, Note_on_c, 1, 58, 100
3, 6510, Note_on_c, 1, 58, 0
3, 6540, Note_on_c, 1, 58, 100
3, 6570, Note_on_c, 1, 58, 0
3, 6600, Note_on_c, 1, 60, 100
3, 6630, Note_on_c, 1, 60, 0
3, 6660, Note_on_c, 1, 62, 100
3, 6690, Note_on_c, 1, 62, 0
3, 6720, Note_on_c, 1, 63, 100
3, 6750, Note_on_c, 1, 63, 0
3, 6810, Note_on_c, 1, 63, 100
3, 6840, Note_on_c, 1, 63, 0
3, 6840, Note_on_c, 1, 58, 100
3, 6870, Note_on_c, 1, 58, 0
3, 6900, Note_on_c, 1, 63, 100
3, 6930, Note_on_c, 1, 63, 0
3, 6960, Note_on_c, 1, 63, 100
3, 6990, Note_on_c, 1, 63, 0
3, 7050, Note_on_c, 1, 63, 100
3, 7080, Note_on_c, 1, 63, 0
3, 7080, Note_on_c, 1, 58, 100
3, 7110, Note_on_c, 1, 58, 0
3, 7140, Note_on_c, 1, 63, 100
3, 7170, Note_on_c, 1, 63, 0
3, 7200, Note_on_c, 1, 63, 100
3, 7230, Note_on_c, 1, 63, 0
3, 7290, Note_on_c, 1, 63, 100
3, 7320, Note_on_c, 1, 63, 0
3, 7320, Note_on_c, 1, 58, 100
3, 7350, Note_on_c, 1, 58, 0
3, 7380, Note_on_c, 1, 63, 100
3, 7410, Note_on_c, 1, 63, 0
3, 7440, Note_on_c, 1, 58, 100
3, 7470, Note_on_c, 1, 58, 0
3, 7500, Note_on_c, 1, 70, 100
3, 7530, Note_on_c, 1, 70, 0
3, 7560, Note_on_c, 1, 68, 100
3, 7590, Note_on_c, 1, 68, 0
3, 7620, Note_on_c, 1, 67, 100
3, 7650, Note_on_c, 1, 67, 0
3, 7680, Note_on_c, 1, 63, 100
3, 7710, Note_on_c, 1, 63, 0
3, 7770, Note_on_c, 1, 63, 100
3, 7800, Note_on_c, 1, 63, 0
3, 7800, Note_on_c, 1, 58, 100
3, 7830, Note_on_c, 1, 58, 0
3, 7860, Note_on_c, 1, 63, 100
3, 7890, Note_on_c, 1, 63, 0
3, 7920, Note_on_c, 1, 63, 100
3, 7950, Note_on_c, 1, 63, 0
3, 8010, Note_on_c, 1, 63, 100
3, 8040, Note_on_c, 1, 63, 0
3, 8040, Note_on_c, 1, 58, 100
3, 8070, Note_on_c, 1, 58, 0
3, 8100, Note_on_c, 1, 63, 100
3, 8130, Note_on_c, 1, 63, 0
3, 8160, Note_on_c, 1, 63, 100
3, 8190, Note_on_c, 1, 63, 0
3, 8250, Note_on_c, 1, 63, 100
3, 8280, Note_on_c, 1, 63, 0
3, 8280, Note_on_c, 1, 58, 100
3, 8310, Note_on_c, 1, 58, 0
3, 8340, Note_on_c, 1, 63, 100
3, 8370, Note_on_c, 1, 63, 0
3, 8400, Note_on_c, 1, 65, 100
3, 8430, Note_on_c, 1, 65, 0
3, 8460, Note_on_c, 1, 63, 100
3, 8580, Note_on_c, 1, 63, 0
3, 8580, Note_on_c, 1, 62, 100
3, 8610, Note_on_c, 1, 62, 0
3, 8640, Note_on_c, 1, 60, 100
3, 8670, Note_on_c, 1, 60, 0
3, 8730, Note_on_c, 1, 60, 100
3, 8760, Note_on_c, 1, 60, 0
3, 8760, Note_on_c, 1, 55, 100
3, 8790, Note_on_c, 1, 55, 0
3, 8820, Note_on_c, 1, 60, 100
3, 8850, Note_on_c, 1, 60, 0
3, 8880, Note_on_c, 1, 60, 100
3, 8910, Note_on_c, 1, 60, 0
3, 8970, Note_on_c, 1, 60, 100
3, 9000, Note_on_c, 1, 60, 0
3, 9000, Note_on_c, 1, 55, 100
3, 9030, Note_on_c, 1, 55, 0
3, 9060, Note_on_c, 1, 60, 100
3, 9090, Note_on_c, 1, 60, 0
3, 9120, Note_on_c, 1, 60, 100
3, 9150, Note_on_c, 1, 60, 0
3, 9210, Note_on_c, 1, 60, 100
3, 9240, Note_on_c, 1, 60, 0
3, 9240, Note_on_c, 1, 55, 100
3, 9270, Note_on_c, 1, 55, 0
3, 9300, Note_on_c, 1, 60, 100
3, 9330, Note_on_c, 1, 60, 0
3, 9360, Note_on_c, 1, 60, 100
3, 9390, Note_on_c, 1, 60, 0
3, 9420, Note_on_c, 1, 60, 100
3, 9450, Note_on_c, 1, 60, 0
3, 9480, Note_on_c, 1, 62, 100
3, 9510, Note_on_c, 1, 62, 0
3, 9540, Note_on_c, 1, 60, 100
3, 9570, Note_on_c, 1, 60, 0
3, 9600, Note_on_c, 1, 58, 100
3, 9630, Note_on_c, 1, 58, 0
3, 9690, Note_on_c, 1, 58, 100
3, 9720, Note_on_c, 1, 58, 0
3, 9720, Note_on_c, 1, 53, 100
3, 9750, Note_on_c, 1, 53, 0
3, 9780, Note_on_c, 1, 58, 100
3, 9810, Note_on_c, 1, 58, 0
3, 9840, Note_on_c, 1, 58, 100
3, 9870, Note_on_c, 1, 58, 0
3, 9930, Note_on_c, 1, 58, 100
3, 9960, Note_on_c, 1, 58, 0
3, 9960, Note_on_c, 1, 53, 100
3, 9990, Note_on_c, 1, 53, 0
3, 10020, Note_on_c, 1, 58, 100
3, 10050, Note_on_c, 1, 58, 0
3, 10080, Note_on_c, 1, 58, 100
3, 10110, Note_on_c, 1, 58, 0
3, 10170, Note_on_c, 1, 58, 100
3, 10200, Note_on_c, 1, 58, 0
3, 10200, Note_on_c, 1, 53, 100
3, 10230, Note_on_c, 1, 53, 0
3, 10260, Note_on_c, 1, 58, 100
3, 10290, Note_on_c, 1, 58, 0
3, 10320, Note_on_c, 1, 58, 100
3, 10350, Note_on_c, 1, 58, 0
3, 10380, Note_on_c, 1, 58, 100
3, 10410, Note_on_c, 1, 58, 0
3, 10440, Note_on_c, 1, 60, 100
3, 10470, Note_on_c, 1, 60, 0
3, 10500, Note_on_c, 1, 62, 100
3, 10530, Note_on_c, 1, 62, 0
3, 10560, Note_on_c, 1, 63, 100
3, 10590, Note_on_c, 1, 63, 0
3, 10650, Note_on_c, 1, 63, 100
3, 10680, Note_on_c, 1, 63, 0
3, 10680, Note_on_c, 1, 58, 100
3, 10710, Note_on_c, 1, 58, 0
3, 10740, Note_on_c, 1, 63, 100
3, 10770, Note_on_c, 1, 63, 0
3, 10800, Note_on_c, 1, 63, 100
3, 10830, Note_on_c, 1, 63, 0
3, 10890, Note_on_c, 1, 63, 100
3, 10920, Note_on_c, 1, 63, 0
3, 10920, Note_on_c, 1, 58, 100
3, 10950, Note_on_c, 1, 58, 0
3, 10980, Note_on_c, 1, 63, 100
3, 11010, Note_on_c, 1, 63, 0
3, 11040, Note_on_c, 1, 63, 100
3, 11070, Note_on_c, 1, 63, 0
3, 11130, Note_on_c, 1, 63, 100
3, 11160, Note_on_c, 1, 63, 0
3, 11160, Note_on_c, 1, 58, 100
3, 11190, Note_on_c, 1, 58, 0
3, 11220, Note_on_c, 1, 63, 100
3, 11250, Note_on_c, 1, 63, 0
3, 11280, Note_on_c, 1, 63, 100
3, 11310, Note_on_c, 1, 63, 0
3, 11340, Note_on_c, 1, 58, 100
3, 11370, Note_on_c, 1, 58, 0
3, 11400, Note_on_c, 1, 60, 100
3, 11430, Note_on_c, 1, 60, 0
3, 11460, Note_on_c, 1, 62, 100
3, 11490, Note_on_c, 1, 62, 0
3, 11520, Note_on_c, 1, 63, 100
3, 11550, Note_on_c, 1, 63, 0
3, 11610, Note_on_c, 1, 63, 100
3, 11640, Note_on_c, 1, 63, 0
3, 11640, Note_on_c, 1, 58, 100
3, 11670, Note_on_c, 1, 58, 0
3, 11700, Note_on_c, 1, 63, 100
3, 11730, Note_on_c, 1, 63, 0
3, 11760, Note_on_c, 1, 63, 100
3, 11790, Note_on_c, 1, 63, 0
3, 11850, Note_on_c, 1, 63, 100
3, 11880, Note_on_c, 1, 63, 0
3, 11880, Note_on_c, 1, 58, 100
3, 11910, Note_on_c, 1, 58, 0
3, 11940, Note_on_c, 1, 63, 100
3, 11970, Note_on_c, 1, 63, 0
3, 12000, Note_on_c, 1, 63, 100
3, 12030, Note_on_c, 1, 63, 0
3, 12090, Note_on_c, 1, 63, 100
3, 12120, Note_on_c, 1, 63, 0
3, 12120, Note_on_c, 1, 58, 100
3, 12150, Note_on_c, 1, 58, 0
3, 12180, Note_on_c, 1, 63, 100
3, 12210, Note_on_c, 1, 63, 0
3, 12240, Note_on_c, 1, 65, 100
3, 12270, Note_on_c, 1, 65, 0
3, 12300, Note_on_c, 1, 63, 100
3, 12420, Note_on_c, 1, 63, 0
3, 12420, Note_on_c, 1, 62, 100
3, 12450, Note_on_c, 1, 62, 0
3, 12480, Note_on_c, 1, 60, 100
3, 12510, Note_on_c, 1, 60, 0
3, 12570, Note_on_c, 1, 60, 100
3, 12600, Note_on_c, 1, 60, 0
3, 12600, Note_on_c, 1, 55, 100
3, 12630, Note_on_c, 1, 55, 0
3, 12660, Note_on_c, 1, 60, 100
3, 12690, Note_on_c, 1, 60, 0
3, 12720, Note_on_c, 1, 60, 100
3, 12750, Note_on_c, 1, 60, 0
3, 12810, Note_on_c, 1, 60, 100
3, 12840, Note_on_c, 1, 60, 0
3, 12840, Note_on_c, 1, 55, 100
3, 12870, Note_on_c, 1, 55, 0
3, 12900, Note_on_c, 1, 60, 100
3, 12930, Note_on_c, 1, 60, 0
3, 12960, Note_on_c, 1, 60, 100
3, 12990, Note_on_c, 1, 60, 0
3, 13050, Note_on_c, 1, 60, 100
3, 13080, Note_on_c, 1, 60, 0
3, 13080, Note_on_c, 1, 55, 100
3, 13110, Note_on_c, 1, 55, 0
3, 13140, Note_on_c, 1, 60, 100
3, 13170, Note_on_c, 1, 60, 0
3, 13200, Note_on_c, 1, 60, 100
3, 13230, Note_on_c, 1, 60, 0
3, 13260, Note_on_c, 1, 60, 100
3, 13290, Note_on_c, 1, 60, 0
3, 13320, Note_on_c, 1, 62, 100
3, 13350, Note_on_c, 1, 62, 0
3, 13380, Note_on_c, 1, 60, 100
3, 13410, Note_on_c, 1, 60, 0
3, 13440, Note_on_c, 1, 58, 100
3, 13470, Note_on_c, 1, 58, 0
3, 13530, Note_on_c, 1, 58, 100
3, 13560, Note_on_c, 1, 58, 0
3, 13560, Note_on_c, 1, 53, 100
3, 13590, Note_on_c, 1, 53, 0
3, 13620, Note_on_c, 1, 58, 100
3, 13650, Note_on_c, 1, 58, 0
3, 13680, Note_on_c, 1, 58, 100
3, 13710, Note_on_c, 1, 58, 0
3, 13770, Note_on_c, 1, 58, 100
3, 13800, Note_on_c, 1, 58, 0
3, 13800, Note_on_c, 1, 53, 100
3, 13830, Note_on_c, 1, 53, 0
3, 13860, Note_on_c, 1, 58, 100
3, 13890, Note_on_c, 1, 58, 0
3, 13920, Note_on_c, 1, 58, 100
3, 13950, Note_on_c, 1, 58, 0
3, 14010, Note_on_c, 1, 58, 100
3, 14040, Note_on_c, 1, 58, 0
3, 14040, Note_on_c, 1, 53, 100
3, 14070, Note_on_c, 1, 53, 0
3, 14100, Note_on_c, 1, 58, 100
3, 14130, Note_on_c, 1, 58, 0
3, 14160, Note_on_c, 1, 58, 100
3, 14190, Note_on_c, 1, 58, 0
3, 14220, Note_on_c, 1, 58, 100
3, 14250, Note_on_c, 1, 58, 0
3, 14280, Note_on_c, 1, 60, 100
3, 14310, Note_on_c, 1, 60, 0
3, 14340, Note_on_c, 1, 62, 100
3, 14370, Note_on_c, 1, 62, 0
3, 14400, Note_on_c, 1, 63, 100
3, 14430, Note_on_c, 1, 63, 0
3, 14490, Note_on_c, 1, 63, 100
3, 14520, Note_on_c, 1, 63, 0
3, 14520, Note_on_c, 1, 58, 100
3, 14550, Note_on_c, 1, 58, 0
3, 14580, Note_on_c, 1, 63, 100
3, 14610, Note_on_c, 1, 63, 0
3, 14640, Note_on_c, 1, 63, 100
3, 14670, Note_on_c, 1, 63, 0
3, 14730, Note_on_c, 1, 63, 100
3, 14760, Note_on_c, 1, 63, 0
3, 14760, Note_on_c, 1, 58, 100
3, 14790, Note_on_c, 1, 58, 0
3, 14820, Note_on_c, 1, 63, 100
3, 14850, Note_on_c, 1, 63, 0
3, 14880, Note_on_c, 1, 63, 100
3, 14910, Note_on_c, 1, 63, 0
3, 14970, Note_on_c, 1, 63, 100
3, 15000, Note_on_c, 1, 63, 0
3, 15000, Note_on_c, 1, 58, 100
3, 15030, Note_on_c, 1, 58, 0
3, 15060, Note_on_c, 1, 63, 100
3, 15090, Note_on_c, 1, 63, 0
3, 15120, Note_on_c, 1, 63, 100
3, 15150, Note_on_c, 1, 63, 0
3, 15180, Note_on_c, 1, 70, 100
3, 15210, Note_on_c, 1, 70, 0
3, 15240, Note_on_c, 1, 68, 100
3, 15270, Note_on_c, 1, 68, 0
3, 15300, Note_on_c, 1, 67, 100
3, 15330, Note_on_c, 1, 67, 0
3, 15360, Note_on_c, 1, 63, 100
3, 15390, Note_on_c, 1, 63, 0
3, 15450, Note_on_c, 1, 63, 100
3, 15480, Note_on_c, 1, 63, 0
3, 15480, Note_on_c, 1, 58, 100
3, 15510, Note_on_c, 1, 58, 0
3, 15540, Note_on_c, 1, 63, 100
3, 15570, Note_on_c, 1, 63, 0
3, 15600, Note_on_c, 1, 63, 100
3, 15630, Note_on_c, 1, 63, 0
3, 15690, Note_on_c, 1, 63, 100
3, 15720, Note_on_c, 1, 63, 0
3, 15720, Note_on_c, 1, 58, 100
3, 15750, Note_on_c, 1, 58, 0
3, 15780, Note_on_c, 1, 63, 100
3, 15810, Note_on_c, 1, 63, 0
3, 15840, Note_on_c, 1, 63, 100
3, 15870, Note_on_c, 1, 63, 0
3, 15930, Note_on_c, 1, 63, 100
3, 15960, Note_on_c, 1, 63, 0
3, 15960, Note_on_c, 1, 58, 100
3, 15990, Note_on_c, 1, 58, 0
3, 16020, Note_on_c, 1, 63, 100
3, 16050, Note_on_c, 1, 63, 0
3, 16080, Note_on_c, 1, 63, 100
3, 16110, Note_on_c, 1, 63, 0
3, 16140, Note_on_c, 1, 65, 100
3, 16170, Note_on_c, 1, 65, 0
3, 16260, Note_on_c, 1, 63, 100
3, 16290, Note_on_c, 1, 63, 0
3, 16320, Note_on_c, 1, 58, 100
3, 16350, Note_on_c, 1, 58, 0
3, 16410, Note_on_c, 1, 58, 100
3, 16440, Note_on_c, 1, 58, 0
3, 16440, Note_on_c, 1, 53, 100
3, 16470, Note_on_c, 1, 53, 0
3, 16500, Note_on_c, 1, 58, 100
3, 16530, Note_on_c, 1, 58, 0
3, 16560, Note_on_c, 1, 58, 100
3, 16590, Note_on_c, 1, 58, 0
3, 16650, Note_on_c, 1, 58, 100
3, 16680, Note_on_c, 1, 58, 0
3, 16680, Note_on_c, 1, 53, 100
3, 16710, Note_on_c, 1, 53, 0
3, 16740, Note_on_c, 1, 58, 100
3, 16770, Note_on_c, 1, 58, 0
3, 16800, Note_on_c, 1, 58, 100
3, 16830, Note_on_c, 1, 58, 0
3, 16890, Note_on_c, 1, 58, 100
3, 16920, Note_on_c, 1, 58, 0
3, 16920, Note_on_c, 1, 53, 100
3, 16950, Note_on_c, 1, 53, 0
3, 16980, Note_on_c, 1, 58, 100
3, 17010, Note_on_c, 1, 58, 0
3, 17040, Note_on_c, 1, 58, 100
3, 17070, Note_on_c, 1, 58, 0
3, 17130, Note_on_c, 1, 58, 100
3, 17160, Note_on_c, 1, 58, 0
3, 17160, Note_on_c, 1, 53, 100
3, 17190, Note_on_c, 1, 53, 0
3, 17220, Note_on_c, 1, 58, 100
3, 17250, Note_on_c, 1, 58, 0
3, 17280, Note_on_c, 1, 58, 100
3, 17310, Note_on_c, 1, 58, 0
3, 17370, Note_on_c, 1, 58, 100
3, 17400, Note_on_c, 1, 58, 0
3, 17400, Note_on_c, 1, 53, 100
3, 17430, Note_on_c, 1, 53, 0
3, 17460, Note_on_c, 1, 58, 100
3, 17490, Note_on_c, 1, 58, 0
3, 17520, Note_on_c, 1, 58, 100
3, 17550, Note_on_c, 1, 58, 0
3, 17610, Note_on_c, 1, 58, 100
3, 17640, Note_on_c, 1, 58, 0
3, 17640, Note_on_c, 1, 53, 100
3, 17670, Note_on_c, 1, 53, 0
3, 17700, Note_on_c, 1, 58, 100
3, 17730, Note_on_c, 1, 58, 0
3, 17760, Note_on_c, 1, 58, 100
3, 17790, Note_on_c, 1, 58, 0
3, 17850, Note_on_c, 1, 58, 100
3, 17880, Note_on_c, 1, 58, 0
3, 17880, Note_on_c, 1, 53, 100
3, 17910, Note_on_c, 1, 53, 0
3, 17940, Note_on_c, 1, 58, 100
3, 17970, Note_on_c, 1, 58, 0
3, 18000, Note_on_c, 1, 58, 100
3, 18030, Note_on_c, 1, 58, 0
3, 18060, Note_on_c, 1, 58, 100
3, 18090, Note_on_c, 1, 58, 0
3, 18120, Note_on_c, 1, 60, 100
3, 18150, Note_on_c, 1, 60, 0
3, 18180, Note_on_c, 1, 62, 100
3, 18210, Note_on_c, 1, 62, 0
3, 18240, Note_on_c, 1, 63, 100
3, 18270, Note_on_c, 1, 63, 0
3, 18330, Note_on_c, 1, 63, 100
3, 18360, Note_on_c, 1, 63, 0
3, 18360, Note_on_c, 1, 58, 100
3, 18390, Note_on_c, 1, 58, 0
3, 18420, Note_on_c, 1, 63, 100
3, 18450, Note_on_c, 1, 63, 0
3, 18480, Note_on_c, 1, 63, 100
3, 18510, Note_on_c, 1, 63, 0
3, 18570, Note_on_c, 1, 63, 100
3, 18600, Note_on_c, 1, 63, 0
3, 18600, Note_on_c, 1, 58, 100
3, 18630, Note_on_c, 1, 58, 0
3, 18660, Note_on_c, 1, 63, 100
3, 18690, Note_on_c, 1, 63, 0
3, 18720, Note_on_c, 1, 63, 100
3, 18750, Note_on_c, 1, 63, 0
3, 18810, Note_on_c, 1, 63, 100
3, 18840, Note_on_c, 1, 63, 0
3, 18840, Note_on_c, 1, 58, 100
3, 18870, Note_on_c, 1, 58, 0
3, 18900, Note_on_c, 1, 63, 100
3, 18930, Note_on_c, 1, 63, 0
3, 18960, Note_on_c, 1, 58, 100
3, 18990, Note_on_c, 1, 58, 0
3, 19020, Note_on_c, 1, 70, 100
3, 19050, Note_on_c, 1, 70, 0
3, 19080, Note_on_c, 1, 68, 100
3, 19110, Note_on_c, 1, 68, 0
3, 19140, Note_on_c, 1, 67, 100
3, 19170, Note_on_c, 1, 67, 0
3, 19200, Note_on_c, 1, 63, 100
3, 19230, Note_on_c, 1, 63, 0
3, 19290, Note_on_c, 1, 63, 100
3, 19320, Note_on_c, 1, 63, 0
3, 19320, Note_on_c, 1, 58, 100
3, 19350, Note_on_c, 1, 58, 0
3, 19380, Note_on_c, 1, 63, 100
3, 19410, Note_on_c, 1, 63, 0
3, 19440, Note_on_c, 1, 63, 100
3, 19470, Note_on_c, 1, 63, 0
3, 19530, Note_on_c, 1, 63, 100
3, 19560, Note_on_c, 1, 63, 0
3, 19560, Note_on_c, 1, 58, 100
3, 19590, Note_on_c, 1, 58, 0
3, 19620, Note_on_c, 1, 63, 100
3, 19650, Note_on_c, 1, 63, 0
3, 19680, Note_on_c, 1, 63, 100
3, 19710, Note_on_c, 1, 63, 0
3, 19770, Note_on_c, 1, 63, 100
3, 19800, Note_on_c, 1, 63, 0
3, 19800, Note_on_c, 1, 58, 100
3, 19830, Note_on_c, 1, 58, 0
3, 19860, Note_on_c, 1, 63, 100
3, 19890, Note_on_c, 1, 63, 0
3, 19920, Note_on_c, 1, 63, 100
3, 19950, Note_on_c, 1, 63, 0
3, 19980, Note_on_c, 1, 65, 100
3, 20010, Note_on_c, 1, 65, 0
3, 20100, Note_on_c, 1, 63, 100
3, 20130, Note_on_c, 1, 63, 0
3, 20160, Note_on_c, 1, 58, 100
3, 20190, Note_on_c, 1, 58, 0
3, 20250, Note_on_c, 1, 58, 100
3, 20280, Note_on_c, 1, 58, 0
3, 20280, Note_on_c, 1, 53, 100
3, 20310, Note_on_c, 1, 53, 0
3, 20340, Note_on_c, 1, 58, 100
3, 20370, Note_on_c, 1, 58, 0
3, 20400, Note_on_c, 1, 58, 100
3, 20430, Note_on_c, 1, 58, 0
3, 20490, Note_on_c, 1, 58, 100
3, 20520, Note_on_c, 1, 58, 0
3, 20520, Note_on_c, 1, 53, 100
3, 20550, Note_on_c, 1, 53, 0
3, 20580, Note_on_c, 1, 58, 100
3, 20610, Note_on_c, 1, 58, 0
3, 20640, Note_on_c, 1, 58, 100
3, 20670, Note_on_c, 1, 58, 0
3, 20730, Note_on_c, 1, 58, 100
3, 20760, Note_on_c, 1, 58, 0
3, 20760, Note_on_c, 1, 53, 100
3, 20790, Note_on_c, 1, 53, 0
3, 20820, Note_on_c, 1, 58, 100
3, 20850, Note_on_c, 1, 58, 0
3, 20880, Note_on_c, 1, 58, 100
3, 20910, Note_on_c, 1, 58, 0
3, 20970, Note_on_c, 1, 58, 100
3, 21000, Note_on_c, 1, 58, 0
3, 21000, Note_on_c, 1, 53, 100
3, 21030, Note_on_c, 1, 53, 0
3, 21060, Note_on_c, 1, 58, 100
3, 21090, Note_on_c, 1, 58, 0
3, 21120, Note_on_c, 1, 58, 100
3, 21150, Note_on_c, 1, 58, 0
3, 21210, Note_on_c, 1, 58, 100
3, 21240, Note_on_c, 1, 58, 0
3, 21240, Note_on_c, 1, 53, 100
3, 21270, Note_on_c, 1, 53, 0
3, 21300, Note_on_c, 1, 58, 100
3, 21330, Note_on_c, 1, 58, 0
3, 21360, Note_on_c, 1, 58, 100
3, 21390, Note_on_c, 1, 58, 0
3, 21450, Note_on_c, 1, 58, 100
3, 21480, Note_on_c, 1, 58, 0
3, 21480, Note_on_c, 1, 53, 100
3, 21510, Note_on_c, 1, 53, 0
3, 21540, Note_on_c, 1, 58, 100
3, 21570, Note_on_c, 1, 58, 0
3, 21600, Note_on_c, 1, 58, 100
3, 21630, Note_on_c, 1, 58, 0
3, 21690, Note_on_c, 1, 58, 100
3, 21720, Note_on_c, 1, 58, 0
3, 21720, Note_on_c, 1, 53, 100
3, 21750, Note_on_c, 1, 53, 0
3, 21780, Note_on_c, 1, 58, 100
3, 21810, Note_on_c, 1, 58, 0
3, 21840, Note_on_c, 1, 58, 100
3, 21870, Note_on_c, 1, 58, 0
3, 21900, Note_on_c, 1, 58, 100
3, 21930, Note_on_c, 1, 58, 0
3, 21960, Note_on_c, 1, 60, 100
3, 21990, Note_on_c, 1, 60, 0
3, 22020, Note_on_c, 1, 62, 100
3, 22050, Note_on_c, 1, 62, 0
3, 22080, Note_on_c, 1, 63, 100
3, 22110, Note_on_c, 1, 63, 0
3, 22170, Note_on_c, 1, 63, 100
3, 22200, Note_on_c, 1, 63, 0
3, 22200, Note_on_c, 1, 58, 100
3, 22230, Note_on_c, 1, 58, 0
3, 22260, Note_on_c, 1, 63, 100
3, 22290, Note_on_c, 1, 63, 0
3, 22320, Note_on_c, 1, 63, 100
3, 22350, Note_on_c, 1, 63, 0
3, 22410, Note_on_c, 1, 63, 100
3, 22440, Note_on_c, 1, 63, 0
3, 22440, Note_on_c, 1, 58, 100
3, 22470, Note_on_c, 1, 58, 0
3, 22500, Note_on_c, 1, 63, 100
3, 22530, Note_on_c, 1, 63, 0
3, 22560, Note_on_c, 1, 63, 100
3, 22590, Note_on_c, 1, 63, 0
3, 22650, Note_on_c, 1, 63, 100
3, 22680, Note_on_c, 1, 63, 0
3, 22680, Note_on_c, 1, 58, 100
3, 22710, Note_on_c, 1, 58, 0
3, 22740, Note_on_c, 1, 63, 100
3, 22770, Note_on_c, 1, 63, 0
3, 22800, Note_on_c, 1, 58, 100
3, 22830, Note_on_c, 1, 58, 0
3, 22860, Note_on_c, 1, 70, 100
3, 22890, Note_on_c, 1, 70, 0
3, 22920, Note_on_c, 1, 68, 100
3, 22950, Note_on_c, 1, 68, 0
3, 22980, Note_on_c, 1, 67, 100
3, 23010, Note_on_c, 1, 67, 0
3, 23040, Note_on_c, 1, 63, 100
3, 23070, Note_on_c, 1, 63, 0
3, 23130, Note_on_c, 1, 63, 100
3, 23160, Note_on_c, 1, 63, 0
3, 23160, Note_on_c, 1, 58, 100
3, 23190, Note_on_c, 1, 58, 0
3, 23220, Note_on_c, 1, 63, 100
3, 23250, Note_on_c, 1, 63, 0
3, 23280, Note_on_c, 1, 63, 100
3, 23310, Note_on_c, 1, 63, 0
3, 23370, Note_on_c, 1, 63, 100
3, 23400, Note_on_c, 1, 63, 0
3, 23400, Note_on_c, 1, 58, 100
3, 23430, Note_on_c, 1, 58, 0
3, 23460, Note_on_c, 1, 63, 100
3, 23490, Note_on_c, 1, 63, 0
3, 23520, Note_on_c, 1, 63, 100
3, 23550, Note_on_c, 1, 63, 0
3, 23610, Note_on_c, 1, 63, 100
3, 23640, Note_on_c, 1, 63, 0
3, 23640, Note_on_c, 1, 58, 100
3, 23670, Note_on_c, 1, 58, 0
3, 23700, Note_on_c, 1, 63, 100
3, 23730, Note_on_c, 1, 63, 0
3, 23760, Note_on_c, 1, 65, 100
3, 23790, Note_on_c, 1, 65, 0
3, 23820, Note_on_c, 1, 63, 100
3, 23940, Note_on_c, 1, 63, 0
3, 23940, Note_on_c, 1, 62, 100
3, 23970, Note_on_c, 1, 62, 0
3, 24000, Note_on_c, 1, 60, 100
3, 24030, Note_on_c, 1, 60, 0
3, 24090, Note_on_c, 1, 60, 100
3, 24120, Note_on_c, 1, 60, 0
3, 24120, Note_on_c, 1, 55, 100
3, 24150, Note_on_c, 1, 55, 0
3, 24180, Note_on_c, 1, 60, 100
3, 24210, Note_on_c, 1, 60, 0
3, 24240, Note_on_c, 1, 60, 100
3, 24270, Note_on_c, 1, 60, 0
3, 24330, Note_on_c, 1, 60, 100
3, 24360, Note_on_c, 1, 60, 0
3, 24360, Note_on_c, 1, 55, 100
3, 24390, Note_on_c, 1, 55, 0
3, 24420, Note_on_c, 1, 60, 100
3, 24450, Note_on_c, 1, 60, 0
3, 24480, Note_on_c, 1, 60, 100
3, 24510, Note_on_c, 1, 60, 0
3, 24570, Note_on_c, 1, 60, 100
3, 24600, Note_on_c, 1, 60, 0
3, 24600, Note_on_c, 1, 55, 100
3, 24630, Note_on_c, 1, 55, 0
3, 24660, Note_on_c, 1, 60, 100
3, 24690, Note_on_c, 1, 60, 0
3, 24720, Note_on_c, 1, 60, 100
3, 24750, Note_on_c, 1, 60, 0
3, 24780, Note_on_c, 1, 60, 100
3, 24810, Note_on_c, 1, 60, 0
3, 24840, Note_on_c, 1, 62, 100
3, 24870, Note_on_c, 1, 62, 0
3, 24900, Note_on_c, 1, 60, 100
3, 24930, Note_on_c, 1, 60, 0
3, 24960, Note_on_c, 1, 58, 100
3, 24990, Note_on_c, 1, 58, 0
3, 25050, Note_on_c, 1, 58, 100
3, 25080, Note_on_c, 1, 58, 0
3, 25080, Note_on_c, 1, 53, 100
3, 25110, Note_on_c, 1, 53, 0
3, 25140, Note_on_c, 1, 58, 100
3, 25170, Note_on_c, 1, 58, 0
3, 25200, Note_on_c, 1, 58, 100
3, 25230, Note_on_c, 1, 58, 0
3, 25290, Note_on_c, 1, 58, 100
3, 25320, Note_on_c, 1, 58, 0
3, 25320, Note_on_c, 1, 53, 100
3, 25350, Note_on_c, 1, 53, 0
3, 25380, Note_on_c, 1, 58, 100
3, 25410, Note_on_c, 1, 58, 0
3, 25440, Note_on_c, 1, 58, 100
3, 25470, Note_on_c, 1, 58, 0
3, 25530, Note_on_c, 1, 58, 100
3, 25560, Note_on_c, 1, 58, 0
3, 25560, Note_on_c, 1, 53, 100
3, 25590, Note_on_c, 1, 53, 0
3, 25620, Note_on_c, 1, 58, 100
3, 25650, Note_on_c, 1, 58, 0
3, 25680, Note_on_c, 1, 58, 100
3, 25710, Note_on_c, 1, 58, 0
3, 25740, Note_on_c, 1, 58, 100
3, 25770, Note_on_c, 1, 58, 0
3, 25800, Note_on_c, 1, 60, 100
3, 25830, Note_on_c, 1, 60, 0
3, 25860, Note_on_c, 1, 62, 100
3, 25890, Note_on_c, 1, 62, 0
3, 25920, Note_on_c, 1, 63, 100
3, 25950, Note_on_c, 1, 63, 0
3, 26010, Note_on_c, 1, 63, 100
3, 26040, Note_on_c, 1, 63, 0
3, 26040, Note_on_c, 1, 58, 100
3, 26070, Note_on_c, 1, 58, 0
3, 26100, Note_on_c, 1, 63, 100
3, 26130, Note_on_c, 1, 63, 0
3, 26160, Note_on_c, 1, 63, 100
3, 26190, Note_on_c, 1, 63, 0
3, 26250, Note_on_c, 1, 63, 100
3, 26280, Note_on_c, 1, 63, 0
3, 26280, Note_on_c, 1, 58, 100
3, 26310, Note_on_c, 1, 58, 0
3, 26340, Note_on_c, 1, 63, 100
3, 26370, Note_on_c, 1, 63, 0
3, 26400, Note_on_c, 1, 63, 100
3, 26430, Note_on_c, 1, 63, 0
3, 26490, Note_on_c, 1, 63, 100
3, 26520, Note_on_c, 1, 63, 0
3, 26520, Note_on_c, 1, 58, 100
3, 26550, Note_on_c, 1, 58, 0
3, 26580, Note_on_c, 1, 63, 100
3, 26610, Note_on_c, 1, 63, 0
3, 26640, Note_on_c, 1, 63, 100
3, 26670, Note_on_c, 1, 63, 0
3, 26700, Note_on_c, 1, 58, 100
3, 26730, Note_on_c, 1, 58, 0
3, 26760, Note_on_c, 1, 60, 100
3, 26790, Note_on_c, 1, 60, 0
3, 26820, Note_on_c, 1, 62, 100
3, 26850, Note_on_c, 1, 62, 0
3, 26880, Note_on_c, 1, 63, 100
3, 26910, Note_on_c, 1, 63, 0
3, 26970, Note_on_c, 1, 63, 100
3, 27000, Note_on_c, 1, 63, 0
3, 27000, Note_on_c, 1, 58, 100
3, 27030, Note_on_c, 1, 58, 0
3, 27060, Note_on_c, 1, 63, 100
3, 27090, Note_on_c, 1, 63, 0
3, 27120, Note_on_c, 1, 63, 100
3, 27150, Note_on_c, 1, 63, 0
3, 27210, Note_on_c, 1, 63, 100
3, 27240, Note_on_c, 1, 63, 0
3, 27240, Note_on_c, 1, 58, 100
3, 27270, Note_on_c, 1, 58, 0
3, 27300, Note_on_c, 1, 63, 100
3, 27330, Note_on_c, 1, 63, 0
3, 27360, Note_on_c, 1, 63, 100
3, 27390, Note_on_c, 1, 63, 0
3, 27450, Note_on_c, 1, 63, 100
3, 27480, Note_on_c, 1, 63, 0
3, 27480, Note_on_c, 1, 58, 100
3, 27510, Note_on_c, 1, 58, 0
3, 27540, Note_on_c, 1, 63, 100
3, 27570, Note_on_c, 1, 63, 0
3, 27600, Note_on_c, 1, 65, 100
3, 27630, Note_on_c, 1, 65, 0
3, 27660, Note_on_c, 1, 63, 100
3, 27780, Note_on_c, 1, 63, 0
3, 27780, Note_on_c, 1, 62, 100
3, 27810, Note_on_c, 1, 62, 0
3, 27840, Note_on_c, 1, 60, 100
3, 27870, Note_on_c, 1, 60, 0
3, 27930, Note_on_c, 1, 60, 100
3, 27960, Note_on_c, 1, 60, 0
3, 27960, Note_on_c, 1, 55, 100
3, 27990, Note_on_c, 1, 55, 0
3, 28020, Note_on_c, 1, 60, 100
3, 28050, Note_on_c, 1, 60, 0
3, 28080, Note_on_c, 1, 60, 100
3, 28110, Note_on_c, 1, 60, 0
3, 28170, Note_on_c, 1, 60, 100
3, 28200, Note_on_c, 1, 60, 0
3, 28200, Note_on_c, 1, 55, 100
3, 28230, Note_on_c, 1, 55, 0
3, 28260, Note_on_c, 1, 60, 100
3, 28290, Note_on_c, 1, 60, 0
3, 28320, Note_on_c, 1, 60, 100
3, 28350, Note_on_c, 1, 60, 0
3, 28410, Note_on_c, 1, 60, 100
3, 28440, Note_on_c, 1, 60, 0
3, 28440, Note_on_c, 1, 55, 100
3, 28470, Note_on_c, 1, 55, 0
3, 28500, Note_on_c, 1, 60, 100
3, 28530, Note_on_c, 1, 60, 0
3, 28560, Note_on_c, 1, 60, 100
3, 28590, Note_on_c, 1, 60, 0
3, 28620, Note_on_c, 1, 60, 100
3, 28650, Note_on_c, 1, 60, 0
3, 28680, Note_on_c, 1, 62, 100
3, 28710, Note_on_c, 1, 62, 0
3, 28740, Note_on_c, 1, 60, 100
3, 28770, Note_on_c, 1, 60, 0
3, 28800, Note_on_c, 1, 58, 100
3, 28830, Note_on_c, 1, 58, 0
3, 28890, Note_on_c, 1, 58, 100
3, 28920, Note_on_c, 1, 58, 0
3, 28920, Note_on_c, 1, 53, 100
3, 28950, Note_on_c, 1, 53, 0
3, 28980, Note_on_c, 1, 58, 100
3, 29010, Note_on_c, 1, 58, 0
3, 29040, Note_on_c, 1, 58, 100
3, 29070, Note_on_c, 1, 58, 0
3, 29130, Note_on_c, 1, 58, 100
3, 29160, Note_on_c, 1, 58, 0
3, 29160, Note_on_c, 1, 53, 100
3, 29190, Note_on_c, 1, 53, 0
3, 29220, Note_on_c, 1, 58, 100
3, 29250, Note_on_c, 1, 58, 0
3, 29280, Note_on_c, 1, 58, 100
3, 29310, Note_on_c, 1, 58, 0
3, 29370, Note_on_c, 1, 58, 100
3, 29400, Note_on_c, 1, 58, 0
3, 29400, Note_on_c, 1, 53, 100
3, 29430, Note_on_c, 1, 53, 0
3, 29460, Note_on_c, 1, 58, 100
3, 29490, Note_on_c, 1, 58, 0
3, 29520, Note_on_c, 1, 58, 100
3, 29550, Note_on_c, 1, 58, 0
3, 29580, Note_on_c, 1, 58, 100
3, 29610, Note_on_c, 1, 58, 0
3, 29640, Note_on_c, 1, 60, 100
3, 29670, Note_on_c, 1, 60, 0
3, 29700, Note_on_c, 1, 62, 100
3, 29730, Note_on_c, 1, 62, 0
3, 29760, Note_on_c, 1, 63, 100
3, 29790, Note_on_c, 1, 63, 0
3, 29850, Note_on_c, 1, 63, 100
3, 29880, Note_on_c, 1, 63, 0
3, 29880, Note_on_c, 1, 58, 100
3, 29910, Note_on_c, 1, 58, 0
3, 29940, Note_on_c, 1, 63, 100
3, 29970, Note_on_c, 1, 63, 0
3, 30000, Note_on_c, 1, 63, 100
3, 30030, Note_on_c, 1, 63, 0
3, 30090, Note_on_c, 1, 63, 100
3, 30120, Note_on_c, 1, 63, 0
3, 30120, Note_on_c, 1, 58, 100
3, 30150, Note_on_c, 1, 58, 0
3, 30180, Note_on_c, 1, 63, 100
3, 30210, Note_on_c, 1, 63, 0
3, 30240, Note_on_c, 1, 63, 100
3, 30270, Note_on_c, 1, 63, 0
3, 30330, Note_on_c, 1, 63, 100
3, 30360, Note_on_c, 1, 63, 0
3, 30360, Note_on_c, 1, 58, 100
3, 30390, Note_on_c, 1, 58, 0
3, 30420, Note_on_c, 1, 63, 100
3, 30450, Note_on_c, 1, 63, 0
3, 30480, Note_on_c, 1, 63, 100
3, 30510, Note_on_c, 1, 63, 0
3, 30540, Note_on_c, 1, 70, 100
3, 30570, Note_on_c, 1, 70, 0
3, 30600, Note_on_c, 1, 68, 100
3, 30630, Note_on_c, 1, 68, 0
3, 30660, Note_on_c, 1, 67, 100
3, 30690, Note_on_c, 1, 67, 0
3, 30690, End_track
4, 0, Start_track
4, 0, Title_t, "joaobuaes@zipmail.com.br"
4, 0, Control_c, 2, 0, 0
4, 0, Control_c, 2, 32, 0
4, 0, Program_c, 2, 80
4, 0, Control_c, 2, 7, 96
4, 0, Control_c, 2, 10, 64
4, 0, Note_on_c, 2, 75, 100
4, 50, Note_on_c, 2, 75, 0
4, 180, Note_on_c, 2, 75, 100
4, 230, Note_on_c, 2, 75, 0
4, 240, Note_on_c, 2, 74, 100
4, 290, Note_on_c, 2, 74, 0
4, 420, Note_on_c, 2, 74, 100
4, 470, Note_on_c, 2, 74, 0
4, 480, Note_on_c, 2, 72, 100
4, 530, Note_on_c, 2, 72, 0
4, 660, Note_on_c, 2, 72, 100
4, 720, Note_on_c, 2, 72, 0
4, 720, Note_on_c, 2, 72, 100
4, 780, Note_on_c, 2, 72, 0
4, 780, Note_on_c, 2, 70, 100
4, 900, Note_on_c, 2, 70, 0
4, 900, Note_on_c, 2, 72, 100
4, 960, Note_on_c, 2, 72, 0
4, 960, Note_on_c, 2, 72, 100
4, 1140, Note_on_c, 2, 72, 0
4, 1140, Note_on_c, 2, 70, 100
4, 1680, Note_on_c, 2, 70, 0
4, 1920, Note_on_c, 2, 74, 100
4, 1970, Note_on_c, 2, 74, 0
4, 2100, Note_on_c, 2, 74, 100
4, 2150, Note_on_c, 2, 74, 0
4, 2160, Note_on_c, 2, 72, 100
4, 2210, Note_on_c, 2, 72, 0
4, 2340, Note_on_c, 2, 72, 100
4, 2390, Note_on_c, 2, 72, 0
4, 2400, Note_on_c, 2, 70, 100
4, 2450, Note_on_c, 2, 70, 0
4, 2580, Note_on_c, 2, 70, 100
4, 2640, Note_on_c, 2, 70, 0
4, 2640, Note_on_c, 2, 75, 100
4, 2700, Note_on_c, 2, 75, 0
4, 2700, Note_on_c, 2, 75, 100
4, 2820, Note_on_c, 2, 75, 0
4, 2820, Note_on_c, 2, 74, 100
4, 2880, Note_on_c, 2, 74, 0
4, 2880, Note_on_c, 2, 72, 100
4, 3600, Note_on_c, 2, 72, 0
4, 3840, Note_on_c, 2, 75, 100
4, 3890, Note_on_c, 2, 75, 0
4, 4020, Note_on_c, 2, 75, 100
4, 4070, Note_on_c, 2, 75, 0
4, 4080, Note_on_c, 2, 74, 100
4, 4130, Note_on_c, 2, 74, 0
4, 4260, Note_on_c, 2, 74, 100
4, 4310, Note_on_c, 2, 74, 0
4, 4320, Note_on_c, 2, 72, 100
4, 4370, Note_on_c, 2, 72, 0
4, 4500, Note_on_c, 2, 72, 100
4, 4560, Note_on_c, 2, 72, 0
4, 4560, Note_on_c, 2, 72, 100
4, 4620, Note_on_c, 2, 72, 0
4, 4620, Note_on_c, 2, 70, 100
4, 4740, Note_on_c, 2, 70, 0
4, 4740, Note_on_c, 2, 72, 100
4, 4800, Note_on_c, 2, 72, 0
4, 4800, Note_on_c, 2, 72, 100
4, 4980, Note_on_c, 2, 72, 0
4, 4980, Note_on_c, 2, 70, 100
4, 5520, Note_on_c, 2, 70, 0
4, 5760, Note_on_c, 2, 74, 100
4, 5810, Note_on_c, 2, 74, 0
4, 5940, Note_on_c, 2, 74, 100
4, 5990, Note_on_c, 2, 74, 0
4, 6000, Note_on_c, 2, 72, 100
4, 6050, Note_on_c, 2, 72, 0
4, 6180, Note_on_c, 2, 72, 100
4, 6230, Note_on_c, 2, 72, 0
4, 6240, Note_on_c, 2, 70, 100
4, 6290, Note_on_c, 2, 70, 0
4, 6420, Note_on_c, 2, 70, 100
4, 6480, Note_on_c, 2, 70, 0
4, 6480, Note_on_c, 2, 75, 100
4, 6540, Note_on_c, 2, 75, 0
4, 6540, Note_on_c, 2, 75, 100
4, 6660, Note_on_c, 2, 75, 0
4, 6660, Note_on_c, 2, 74, 100
4, 6720, Note_on_c, 2, 74, 0
4, 6720, Note_on_c, 2, 72, 100
4, 7440, Note_on_c, 2, 72, 0
4, 7680, Note_on_c, 2, 87, 100
4, 7860, Note_on_c, 2, 87, 0
4, 7860, Note_on_c, 2, 86, 100
4, 7920, Note_on_c, 2, 86, 0
4, 7920, Note_on_c, 2, 84, 100
4, 8100, Note_on_c, 2, 84, 0
4, 8100, Note_on_c, 2, 86, 100
4, 8160, Note_on_c, 2, 86, 0
4, 8160, Note_on_c, 2, 87, 100
4, 8340, Note_on_c, 2, 87, 0
4, 8340, Note_on_c, 2, 86, 100
4, 8400, Note_on_c, 2, 86, 0
4, 8400, Note_on_c, 2, 89, 100
4, 8460, Note_on_c, 2, 89, 0
4, 8460, Note_on_c, 2, 87, 100
4, 8580, Note_on_c, 2, 87, 0
4, 8580, Note_on_c, 2, 86, 100
4, 8640, Note_on_c, 2, 86, 0
4, 8640, Note_on_c, 2, 86, 100
4, 8820, Note_on_c, 2, 86, 0
4, 8820, Note_on_c, 2, 84, 100
4, 9360, Note_on_c, 2, 84, 0
4, 9600, Note_on_c, 2, 86, 100
4, 9780, Note_on_c, 2, 86, 0
4, 9780, Note_on_c, 2, 84, 100
4, 9840, Note_on_c, 2, 84, 0
4, 9840, Note_on_c, 2, 82, 100
4, 10020, Note_on_c, 2, 82, 0
4, 10020, Note_on_c, 2, 84, 100
4, 10080, Note_on_c, 2, 84, 0
4, 10080, Note_on_c, 2, 86, 100
4, 10200, Note_on_c, 2, 86, 0
4, 10320, Note_on_c, 2, 91, 100
4, 10380, Note_on_c, 2, 91, 0
4, 10380, Note_on_c, 2, 91, 100
4, 10500, Note_on_c, 2, 91, 0
4, 10500, Note_on_c, 2, 89, 100
4, 10560, Note_on_c, 2, 89, 0
4, 10560, Note_on_c, 2, 87, 100
4, 11280, Note_on_c, 2, 87, 0
4, 11340, Note_on_c, 2, 82, 100
4, 11400, Note_on_c, 2, 82, 0
4, 11400, Note_on_c, 2, 84, 100
4, 11460, Note_on_c, 2, 84, 0
4, 11460, Note_on_c, 2, 86, 100
4, 11520, Note_on_c, 2, 86, 0
4, 11520, Note_on_c, 2, 87, 100
4, 11700, Note_on_c, 2, 87, 0
4, 11700, Note_on_c, 2, 86, 100
4, 11760, Note_on_c, 2, 86, 0
4, 11760, Note_on_c, 2, 84, 100
4, 11940, Note_on_c, 2, 84, 0
4, 11940, Note_on_c, 2, 86, 100
4, 12000, Note_on_c, 2, 86, 0
4, 12000, Note_on_c, 2, 87, 100
4, 12180, Note_on_c, 2, 87, 0
4, 12180, Note_on_c, 2, 86, 100
4, 12240, Note_on_c, 2, 86, 0
4, 12240, Note_on_c, 2, 89, 100
4, 12300, Note_on_c, 2, 89, 0
4, 12300, Note_on_c, 2, 87, 100
4, 12420, Note_on_c, 2, 87, 0
4, 12420, Note_on_c, 2, 86, 100
4, 12480, Note_on_c, 2, 86, 0
4, 12480, Note_on_c, 2, 86, 100
4, 12660, Note_on_c, 2, 86, 0
4, 12660, Note_on_c, 2, 84, 100
4, 13200, Note_on_c, 2, 84, 0
4, 13440, Note_on_c, 2, 86, 100
4, 13620, Note_on_c, 2, 86, 0
4, 13620, Note_on_c, 2, 84, 100
4, 13680, Note_on_c, 2, 84, 0
4, 13680, Note_on_c, 2, 82, 100
4, 13860, Note_on_c, 2, 82, 0
4, 13860, Note_on_c, 2, 84, 100
4, 13920, Note_on_c, 2, 84, 0
4, 13920, Note_on_c, 2, 86, 100
4, 14040, Note_on_c, 2, 86, 0
4, 14160, Note_on_c, 2, 91, 100
4, 14220, Note_on_c, 2, 91, 0
4, 14220, Note_on_c, 2, 91, 100
4, 14340, Note_on_c, 2, 91, 0
4, 14340, Note_on_c, 2, 89, 100
4, 14400, Note_on_c, 2, 89, 0
4, 14400, Note_on_c, 2, 87, 100
4, 15120, Note_on_c, 2, 87, 0
4, 15360, Note_on_c, 2, 75, 100
4, 15410, Note_on_c, 2, 75, 0
4, 15540, Note_on_c, 2, 75, 100
4, 15590, Note_on_c, 2, 75, 0
4, 15600, Note_on_c, 2, 74, 100
4, 15650, Note_on_c, 2, 74, 0
4, 15780, Note_on_c, 2, 74, 100
4, 15830, Note_on_c, 2, 74, 0
4, 15840, Note_on_c, 2, 72, 100
4, 15890, Note_on_c, 2, 72, 0
4, 16020, Note_on_c, 2, 72, 100
4, 16080, Note_on_c, 2, 72, 0
4, 16080, Note_on_c, 2, 72, 100
4, 16140, Note_on_c, 2, 72, 0
4, 16140, Note_on_c, 2, 70, 100
4, 16260, Note_on_c, 2, 70, 0
4, 16260, Note_on_c, 2, 72, 100
4, 16320, Note_on_c, 2, 72, 0
4, 16320, Note_on_c, 2, 72, 100
4, 16500, Note_on_c, 2, 72, 0
4, 16500, Note_on_c, 2, 70, 100
4, 17040, Note_on_c, 2, 70, 0
4, 17280, Note_on_c, 2, 74, 100
4, 17330, Note_on_c, 2, 74, 0
4, 17460, Note_on_c, 2, 74, 100
4, 17510, Note_on_c, 2, 74, 0
4, 17520, Note_on_c, 2, 72, 100
4, 17570, Note_on_c, 2, 72, 0
4, 17700, Note_on_c, 2, 72, 100
4, 17750, Note_on_c, 2, 72, 0
4, 17760, Note_on_c, 2, 70, 100
4, 17810, Note_on_c, 2, 70, 0
4, 17940, Note_on_c, 2, 70, 100
4, 18000, Note_on_c, 2, 70, 0
4, 18000, Note_on_c, 2, 75, 100
4, 18060, Note_on_c, 2, 75, 0
4, 18060, Note_on_c, 2, 75, 100
4, 18180, Note_on_c, 2, 75, 0
4, 18180, Note_on_c, 2, 74, 100
4, 18240, Note_on_c, 2, 74, 0
4, 18240, Note_on_c, 2, 72, 100
4, 18960, Note_on_c, 2, 72, 0
4, 19200, Note_on_c, 2, 75, 100
4, 19250, Note_on_c, 2, 75, 0
4, 19380, Note_on_c, 2, 75, 100
4, 19430, Note_on_c, 2, 75, 0
4, 19440, Note_on_c, 2, 74, 100
4, 19490, Note_on_c, 2, 74, 0
4, 19620, Note_on_c, 2, 74, 100
4, 19670, Note_on_c, 2, 74, 0
4, 19680, Note_on_c, 2, 72, 100
4, 19730, Note_on_c, 2, 72, 0
4, 19860, Note_on_c, 2, 72, 100
4, 19920, Note_on_c, 2, 72, 0
4, 19920, Note_on_c, 2, 72, 100
4, 19980, Note_on_c, 2, 72, 0
4, 19980, Note_on_c, 2, 70, 100
4, 20100, Note_on_c, 2, 70, 0
4, 20100, Note_on_c, 2, 72, 100
4, 20160, Note_on_c, 2, 72, 0
4, 20160, Note_on_c, 2, 72, 100
4, 20340, Note_on_c, 2, 72, 0
4, 20340, Note_on_c, 2, 70, 100
4, 20880, Note_on_c, 2, 70, 0
4, 21120, Note_on_c, 2, 74, 100
4, 21170, Note_on_c, 2, 74, 0
4, 21300, Note_on_c, 2, 74, 100
4, 21350, Note_on_c, 2, 74, 0
4, 21360, Note_on_c, 2, 72, 100
4, 21410, Note_on_c, 2, 72, 0
4, 21540, Note_on_c, 2, 72, 100
4, 21590, Note_on_c, 2, 72, 0
4, 21600, Note_on_c, 2, 70, 100
4, 21650, Note_on_c, 2, 70, 0
4, 21780, Note_on_c, 2, 70, 100
4, 21840, Note_on_c, 2, 70, 0
4, 21840, Note_on_c, 2, 75, 100
4, 21900, Note_on_c, 2, 75, 0
4, 21900, Note_on_c, 2, 75, 100
4, 22020, Note_on_c, 2, 75, 0
4, 22020, Note_on_c, 2, 74, 100
4, 22080, Note_on_c, 2, 74, 0
4, 22080, Note_on_c, 2, 72, 100
4, 22800, Note_on_c, 2, 72, 0
4, 23040, Note_on_c, 2, 87, 100
4, 23220, Note_on_c, 2, 87, 0
4, 23220, Note_on_c, 2, 86, 100
4, 23280, Note_on_c, 2, 86, 0
4, 23280, Note_on_c, 2, 84, 100
4, 23460, Note_on_c, 2, 84, 0
4, 23460, Note_on_c, 2, 86, 100
4, 23520, Note_on_c, 2, 86, 0
4, 23520, Note_on_c, 2, 87, 100
4, 23700, Note_on_c, 2, 87, 0
4, 23700, Note_on_c, 2, 86, 100
4, 23760, Note_on_c, 2, 86, 0
4, 23760, Note_on_c, 2, 89, 100
4, 23820, Note_on_c, 2, 89, 0
4, 23820, Note_on_c, 2, 87, 100
4, 23940, Note_on_c, 2, 87, 0
4, 23940, Note_on_c, 2, 86, 100
4, 24000, Note_on_c, 2, 86, 0
4, 24000, Note_on_c, 2, 86, 100
4, 24180, Note_on_c, 2, 86, 0
4, 24180, Note_on_c, 2, 84, 100
4, 24720, Note_on_c, 2, 84, 0
4, 24960, Note_on_c, 2, 86, 100
4, 25140, Note_on_c, 2, 86, 0
4, 25140, Note_on_c, 2, 84, 100
4, 25200, Note_on_c, 2, 84, 0
4, 25200, Note_on_c, 2, 82, 100
4, 25380, Note_on_c, 2, 82, 0
4, 25380, Note_on_c, 2, 84, 100
4, 25440, Note_on_c, 2, 84, 0
4, 25440, Note_on_c, 2, 86, 100
4, 25560, Note_on_c, 2, 86, 0
4, 25680, Note_on_c, 2, 91, 100
4, 25740, Note_on_c, 2, 91, 0
4, 25740, Note_on_c, 2, 91, 100
4, 25860, Note_on_c, 2, 91, 0
4, 25860, Note_on_c, 2, 89, 100
4, 25920, Note_on_c, 2, 89, 0
4, 25920, Note_on_c, 2, 87, 100
4, 26640, Note_on_c, 2, 87, 0
4, 26700, Note_on_c, 2, 82, 100
4, 26760, Note_on_c, 2, 82, 0
4, 26760, Note_on_c, 2, 84, 100
4, 26820, Note_on_c, 2, 84, 0
4, 26820, Note_on_c, 2, 86, 100
4, 26880, Note_on_c, 2, 86, 0
4, 26880, Note_on_c, 2, 87, 100
4, 27060, Note_on_c, 2, 87, 0
4, 27060, Note_on_c, 2, 86, 100
4, 27120, Note_on_c, 2, 86, 0
4, 27120, Note_on_c, 2, 84, 100
4, 27300, Note_on_c, 2, 84, 0
4, 27300, Note_on_c, 2, 86, 100
4, 27360, Note_on_c, 2, 86, 0
4, 27360, Note_on_c, 2, 87, 100
4, 27540, Note_on_c, 2, 87, 0
4, 27540, Note_on_c, 2, 86, 100
4, 27600, Note_on_c, 2, 86, 0
4, 27600, Note_on_c, 2, 89, 100
4, 27660, Note_on_c, 2, 89, 0
4, 27660, Note_on_c, 2, 87, 100
4, 27780, Note_on_c, 2, 87, 0
4, 27780, Note_on_c, 2, 86, 100
4, 27840, Note_on_c, 2, 86, 0
4, 27840, Note_on_c, 2, 86, 100
4, 28020, Note_on_c, 2, 86, 0
4, 28020, Note_on_c, 2, 84, 100
4, 28560, Note_on_c, 2, 84, 0
4, 28800, Note_on_c, 2, 86, 100
4, 28980, Note_on_c, 2, 86, 0
4, 28980, Note_on_c, 2, 84, 100
4, 29040, Note_on_c, 2, 84, 0
4, 29040, Note_on_c, 2, 82, 100
4, 29220, Note_on_c, 2, 82, 0
4, 29220, Note_on_c, 2, 84, 100
4, 29280, Note_on_c, 2, 84, 0
4, 29280, Note_on_c, 2, 86, 100
4, 29400, Note_on_c, 2, 86, 0
4, 29520, Note_on_c, 2, 91, 100
4, 29580, Note_on_c, 2, 91, 0
4, 29580, Note_on_c, 2, 91, 100
4, 29700, Note_on_c, 2, 91, 0
4, 29700, Note_on_c, 2, 89, 100
4, 29760, Note_on_c, 2, 89, 0
4, 29760, Note_on_c, 2, 87, 100
4, 30480, Note_on_c, 2, 87, 0
4, 30480, End_track
5, 0, Start_track
5, 0, Control_c, 9, 0, 0
5, 0, Control_c, 9, 32, 0
5, 0, Program_c, 9, 0
5, 0, Control_c, 9, 7, 100
5, 0, Control_c, 9, 10, 64
5, 0, Note_on_c, 9, 35, 120
5, 30, Note_on_c, 9, 35, 0
5, 90, Note_on_c, 9, 35, 120
5, 120, Note_on_c, 9, 35, 0
5, 120, Note_on_c, 9, 38, 100
5, 150, Note_on_c, 9, 38, 0
5, 240, Note_on_c, 9, 35, 120
5, 270, Note_on_c, 9, 35, 0
5, 330, Note_on_c, 9, 35, 120
5, 360, Note_on_c, 9, 35, 0
5, 360, Note_on_c, 9, 38, 100
5, 390, Note_on_c, 9, 38, 0
5, 480, Note_on_c, 9, 35, 120
5, 510, Note_on_c, 9, 35, 0
5, 570, Note_on_c, 9, 35, 120
5, 600, Note_on_c, 9, 35, 0
5, 600, Note_on_c, 9, 38, 100
5, 630, Note_on_c, 9, 38, 0
5, 720, Note_on_c, 9, 35, 120
5, 750, Note_on_c, 9, 35, 0
5, 810, Note_on_c, 9, 35, 120
5, 840, Note_on_c, 9, 35, 0
5, 840, Note_on_c, 9, 38, 100
5, 870, Note_on_c, 9, 38, 0
5, 960, Note_on_c, 9, 35, 120
5, 990, Note_on_c, 9, 35, 0
5, 1050, Note_on_c, 9, 35, 120
5, 1080, Note_on_c, 9, 35, 0
5, 1080, Note_on_c, 9, 38, 100
5, 1110, Note_on_c, 9, 38, 0
5, 1200, Note_on_c, 9, 35, 120
5, 1230, Note_on_c, 9, 35, 0
5, 1290, Note_on_c, 9, 35, 120
5, 1320, Note_on_c, 9, 35, 0
5, 1320, Note_on_c, 9, 38, 100
5, 1350, Note_on_c, 9, 38, 0
5, 1440, Note_on_c, 9, 35, 120
5, 1470, Note_on_c, 9, 35, 0
5, 1530, Note_on_c, 9, 35, 120
5, 1560, Note_on_c, 9, 35, 0
5, 1560, Note_on_c, 9, 38, 100
5, 1590, Note_on_c, 9, 38, 0
5, 1680, Note_on_c, 9, 35, 120
5, 1710, Note_on_c, 9, 35, 0
5, 1770, Note_on_c, 9, 35, 120
5, 1800, Note_on_c, 9, 35, 0
5, 1800, Note_on_c, 9, 38, 100
5, 1830, Note_on_c, 9, 38, 0
5, 1920, Note_on_c, 9, 35, 120
5, 1950, Note_on_c, 9, 35, 0
5, 2010, Note_on_c, 9, 35, 120
5, 2040, Note_on_c, 9, 35, 0
5, 2040, Note_on_c, 9, 38, 100
5, 2070, Note_on_c, 9, 38, 0
5, 2160, Note_on_c, 9, 35, 120
5, 2190, Note_on_c, 9, 35, 0
5, 2250, Note_on_c, 9, 35, 120
5, 2280, Note_on_c, 9, 35, 0
5, 2280, Note_on_c, 9, 38, 100
5, 2310, Note_on_c, 9, 38, 0
5, 2400, Note_on_c, 9, 35, 120
5, 2430, Note_on_c, 9, 35, 0
5, 2490, Note_on_c, 9, 35, 120
5, 2520, Note_on_c, 9, 35, 0
5, 2520, Note_on_c, 9, 38, 100
5, 2550, Note_on_c, 9, 38, 0
5, 2640, Note_on_c, 9, 35, 120
5, 2670, Note_on_c, 9, 35, 0
5, 2730, Note_on_c, 9, 35, 120
5, 2760, Note_on_c, 9, 35, 0
5, 2760, Note_on_c, 9, 38, 100
5, 2790, Note_on_c, 9, 38, 0
5, 2880, Note_on_c, 9, 35, 120
5, 2910, Note_on_c, 9, 35, 0
5, 2970, Note_on_c, 9, 35, 120
5, 3000, Note_on_c, 9, 35, 0
5, 3000, Note_on_c, 9, 38, 100
5, 3030, Note_on_c, 9, 38, 0
5, 3120, Note_on_c, 9, 35, 120
5, 3150, Note_on_c, 9, 35, 0
5, 3210, Note_on_c, 9, 35, 120
5, 3240, Note_on_c, 9, 35, 0
5, 3240, Note_on_c, 9, 38, 100
5, 3270, Note_on_c, 9, 38, 0
5, 3360, Note_on_c, 9, 35, 120
5, 3390, Note_on_c, 9, 35, 0
5, 3450, Note_on_c, 9, 35, 120
5, 3480, Note_on_c, 9, 35, 0
5, 3480, Note_on_c, 9, 38, 100
5, 3510, Note_on_c, 9, 38, 0
5, 3600, Note_on_c, 9, 35, 120
5, 3630, Note_on_c, 9, 35, 0
5, 3660, Note_on_c, 9, 38, 80
5, 3690, Note_on_c, 9, 38, 0
5, 3720, Note_on_c, 9, 38, 100
5, 3750, Note_on_c, 9, 38, 0
5, 3780, Note_on_c, 9, 38, 120
5, 3810, Note_on_c, 9, 38, 0
5, 3840, Note_on_c, 9, 35, 120
5, 3870, Note_on_c, 9, 35, 0
5, 3930, Note_on_c, 9, 35, 120
5, 3960, Note_on_c, 9, 35, 0
5, 3960, Note_on_c, 9, 38, 100
5, 3990, Note_on_c, 9, 38, 0
5, 4080, Note_on_c, 9, 35, 120
5, 4110, Note_on_c, 9, 35, 0
5, 4170, Note_on_c, 9, 35, 120
5, 4200, Note_on_c, 9, 35, 0
5, 4200, Note_on_c, 9, 38, 100
5, 4230, Note_on_c, 9, 38, 0
5, 4320, Note_on_c, 9, 35, 120
5, 4350, Note_on_c, 9, 35, 0
5, 4410, Note_on_c, 9, 35, 120
5, 4440, Note_on_c, 9, 35, 0
5, 4440, Note_on_c, 9, 38, 100
5, 4470, Note_on_c, 9, 38, 0
5, 4560, Note_on_c, 9, 35, 120
5, 4590, Note_on_c, 9, 35, 0
5, 4650, Note_on_c, 9, 35, 120
5, 4680, Note_on_c, 9, 35, 0
5, 4680, Note_on_c, 9, 38, 100
5, 4710, Note_on_c, 9, 38, 0
5, 4800, Note_on_c, 9, 35, 120
5, 4830, Note_on_c, 9, 35, 0
5, 4890, Note_on_c, 9, 35, 120
5, 4920, Note_on_c, 9, 35, 0
5, 4920, Note_on_c, 9, 38, 100
5, 4950, Note_on_c, 9, 38, 0
5, 5040, Note_on_c, 9, 35, 120
5, 5070, Note_on_c, 9, 35, 0
5, 5130, Note_on_c, 9, 35, 120
5, 5160, Note_on_c, 9, 35, 0
5, 5160, Note_on_c, 9, 38, 100
5, 5190, Note_on_c, 9, 38, 0
5, 5280, Note_on_c, 9, 35, 120
5, 5310, Note_on_c, 9, 35, 0
5, 5370, Note_on_c, 9, 35, 120
5, 5400, Note_on_c, 9, 35, 0
5, 5400, Note_on_c, 9, 38, 100
5, 5430, Note_on_c, 9, 38, 0
5, 5520, Note_on_c, 9, 35, 120
5, 5550, Note_on_c, 9, 35, 0
5, 5610, Note_on_c, 9, 35, 120
5, 5640, Note_on_c, 9, 35, 0
5, 5640, Note_on_c, 9, 38, 100
5, 5670, Note_on_c, 9, 38, 0
5, 5760, Note_on_c, 9, 35, 120
5, 5790, Note_on_c, 9, 35, 0
5, 5850, Note_on_c, 9, 35, 120
5, 5880, Note_on_c, 9, 35, 0
5, 5880, Note_on_c, 9, 38, 100
5, 5910, Note_on_c, 9, 38, 0
5, 6000, Note_on_c, 9, 35, 120
5, 6030, Note_on_c, 9, 35, 0
5, 6090, Note_on_c, 9, 35, 120
5, 6120, Note_on_c, 9, 35, 0
5, 6120, Note_on_c, 9, 38, 100
5, 6150, Note_on_c, 9, 38, 0
5, 6240, Note_on_c, 9, 35, 120
5, 6270, Note_on_c, 9, 35, 0
5, 6330, Note_on_c, 9, 35, 120
5, 6360, Note_on_c, 9, 35, 0
5, 6360, Note_on_c, 9, 38, 100
5, 6390, Note_on_c, 9, 38, 0
5, 6480, Note_on_c, 9, 35, 120
5, 6510, Note_on_c, 9, 35, 0
5, 6570, Note_on_c, 9, 35, 120
5, 6600, Note_on_c, 9, 35, 0
5, 6600, Note_on_c, 9, 38, 100
5, 6630, Note_on_c, 9, 38, 0
5, 6720, Note_on_c, 9, 35, 120
5, 6750, Note_on_c, 9, 35, 0
5, 6810, Note_on_c, 9, 35, 120
5, 6840, Note_on_c, 9, 35, 0
5, 6840, Note_on_c, 9, 38, 100
5, 6870, Note_on_c, 9, 38, 0
5, 6960, Note_on_c, 9, 35, 120
5, 6990, Note_on_c, 9, 35, 0
5, 7050, Note_on_c, 9, 35, 120
5, 7080, Note_on_c, 9, 35, 0
5, 7080, Note_on_c, 9, 38, 100
5, 7110, Note_on_c, 9, 38, 0
5, 7200, Note_on_c, 9, 35, 120
5, 7230, Note_on_c, 9, 35, 0
5, 7290, Note_on_c, 9, 35, 120
5, 7320, Note_on_c, 9, 35, 0
5, 7320, Note_on_c, 9, 38, 100
5, 7350, Note_on_c, 9, 38, 0
5, 7440, Note_on_c, 9, 35, 120
5, 7470, Note_on_c, 9, 35, 0
5, 7500, Note_on_c, 9, 38, 80
5, 7530, Note_on_c, 9, 38, 0
5, 7560, Note_on_c, 9, 38, 100
5, 7590, Note_on_c, 9, 38, 0
5, 7620, Note_on_c, 9, 38, 120
5, 7650, Note_on_c, 9, 38, 0
5, 7680, Note_on_c, 9, 35, 120
5, 7710, Note_on_c, 9, 35, 0
5, 7770, Note_on_c, 9, 35, 120
5, 7800, Note_on_c, 9, 35, 0
5, 7800, Note_on_c, 9, 38, 100
5, 7830, Note_on_c, 9, 38, 0
5, 7920, Note_on_c, 9, 35, 120
5, 7950, Note_on_c, 9, 35, 0
5, 8010, Note_on_c, 9, 35, 120
5, 8040, Note_on_c, 9, 35, 0
5, 8040, Note_on_c, 9, 38, 100
5, 8070, Note_on_c, 9, 38, 0
5, 8160, Note_on_c, 9, 35, 120
5, 8190, Note_on_c, 9, 35, 0
5, 8250, Note_on_c, 9, 35, 120
5, 8280, Note_on_c, 9, 35, 0
5, 8280, Note_on_c, 9, 38, 100
5, 8310, Note_on_c, 9, 38, 0
5, 8400, Note_on_c, 9, 35, 120
5, 8430, Note_on_c, 9, 35, 0
5, 8490, Note_on_c, 9, 35, 120
5, 8520, Note_on_c, 9, 35, 0
5, 8520, Note_on_c, 9, 38, 100
5, 8550, Note_on_c, 9, 38, 0
5, 8640, Note_on_c, 9, 35, 120
5, 8670, Note_on_c, 9, 35, 0
5, 8730, Note_on_c, 9, 35, 120
5, 8760, Note_on_c, 9, 35, 0
5, 8760, Note_on_c, 9, 38, 100
5, 8790, Note_on_c, 9, 38, 0
5, 8880, Note_on_c, 9, 35, 120
5, 8910, Note_on_c, 9, 35, 0
5, 8970, Note_on_c, 9, 35, 120
5, 9000, Note_on_c, 9, 35, 0
5, 9000, Note_on_c, 9, 38, 100
5, 9030, Note_on_c, 9, 38, 0
5, 9120, Note_on_c, 9, 35, 120
5, 9150, Note_on_c, 9, 35, 0
5, 9210, Note_on_c, 9, 35, 120
5, 9240, Note_on_c, 9, 35, 0
5, 9240, Note_on_c, 9, 38, 100
5, 9270, Note_on_c, 9, 38, 0
5, 9360, Note_on_c, 9, 35, 120
5, 9390, Note_on_c, 9, 35, 0
5, 9450, Note_on_c, 9, 35, 120
5, 9480, Note_on_c, 9, 35, 0
5, 9480, Note_on_c, 9, 38, 100
5, 9510, Note_on_c, 9, 38, 0
5, 9600, Note_on_c, 9, 35, 120
5, 9630, Note_on_c, 9, 35, 0
5, 9690, Note_on_c, 9, 35, 120
5, 9720, Note_on_c, 9, 35, 0
5, 9720, Note_on_c, 9, 38, 100
5, 9750, Note_on_c, 9, 38, 0
5, 9840, Note_on_c, 9, 35, 120
5, 9870, Note_on_c, 9, 35, 0
5, 9930, Note_on_c, 9, 35, 120
5, 9960, Note_on_c, 9, 35, 0
5, 9960, Note_on_c, 9, 38, 100
5, 9990, Note_on_c, 9, 38, 0
5, 10080, Note_on_c, 9, 35, 120
5, 10110, Note_on_c, 9, 35, 0
5, 10170, Note_on_c, 9, 35, 120
5, 10200, Note_on_c, 9, 35, 0
5, 10200, Note_on_c, 9, 38, 100
5, 10230, Note_on_c, 9, 38, 0
5, 10320, Note_on_c, 9, 35, 120
5, 10350, Note_on_c, 9, 35, 0
5, 10410, Note_on_c, 9, 35, 120
5, 10440, Note_on_c, 9, 35, 0
5, 10440, Note_on_c, 9, 38, 100
5, 10470, Note_on_c, 9, 38, 0
5, 10560, Note_on_c, 9, 35, 120
5, 10590, Note_on_c, 9, 35, 0
5, 10650, Note_on_c, 9, 35, 120
5, 10680, Note_on_c, 9, 35, 0
5, 10680, Note_on_c, 9, 38, 100
5, 10710, Note_on_c, 9, 38, 0
5, 10800, Note_on_c, 9, 35, 120
5, 10830, Note_on_c, 9, 35, 0
5, 10890, Note_on_c, 9, 35, 120
5, 10920, Note_on_c, 9, 35, 0
5, 10920, Note_on_c, 9, 38, 100
5, 10950, Note_on_c, 9, 38, 0
5, 11040, Note_on_c, 9, 35, 120
5, 11070, Note_on_c, 9, 35, 0
5, 11130, Note_on_c, 9, 35, 120
5, 11160, Note_on_c, 9, 35, 0
5, 11160, Note_on_c, 9, 38, 100
5, 11190, Note_on_c, 9, 38, 0
5, 11280, Note_on_c, 9, 35, 120
5, 11310, Note_on_c, 9, 35, 0
5, 11340, Note_on_c, 9, 38, 80
5, 11370, Note_on_c, 9, 38, 0
5, 11400, Note_on_c, 9, 38, 100
5, 11430, Note_on_c, 9, 38, 0
5, 11460, Note_on_c, 9, 38, 120
5, 11490, Note_on_c, 9, 38, 0
5, 11520, Note_on_c, 9, 35, 120
5, 11550, Note_on_c, 9, 35, 0
5, 11610, Note_on_c, 9, 35, 120
5, 11640, Note_on_c, 9, 35, 0
5, 11640, Note_on_c, 9, 38, 100
5, 11670, Note_on_c, 9, 38, 0
5, 11760, Note_on_c, 9, 35, 120
5, 11790, Note_on_c, 9, 35, 0
5, 11850, Note_on_c, 9, 35, 120
5, 11880, Note_on_c, 9, 35, 0
5, 11880, Note_on_c, 9, 38, 100
5, 11910, Note_on_c, 9, 38, 0
5, 12000, Note_on_c, 9, 35, 120
5, 12030, Note_on_c, 9, 35, 0
5, 12090, Note_on_c, 9, 35, 120
5, 12120, Note_on_c, 9, 35, 0
5, 12120, Note_on_c, 9, 38, 100
5, 12150, Note_on_c, 9, 38, 0
5, 12240, Note_on_c, 9, 35, 120
5, 12270, Note_on_c, 9, 35, 0
5, 12330, Note_on_c, 9, 35, 120
5, 12360, Note_on_c, 9, 35, 0
5, 12360, Note_on_c, 9, 38, 100
5, 12390, Note_on_c, 9, 38, 0
5, 12480, Note_on_c, 9, 35, 120
5, 12510, Note_on_c, 9, 35, 0
5, 12570, Note_on_c, 9, 35, 120
5, 12600, Note_on_c, 9, 35, 0
5, 12600, Note_on_c, 9, 38, 100
5, 12630, Note_on_c, 9, 38, 0
5, 12720, Note_on_c, 9, 35, 120
5, 12750, Note_on_c, 9, 35, 0
5, 12810, Note_on_c, 9, 35, 120
5, 12840, Note_on_c, 9, 35, 0
5, 12840, Note_on_c, 9, 38, 100
5, 12870, Note_on_c, 9, 38, 0
5, 12960, Note_on_c, 9, 35, 120
5, 12990, Note_on_c, 9, 35, 0
5, 13050, Note_on_c, 9, 35, 120
5, 13080, Note_on_c, 9, 35, 0
5, 13080, Note_on_c, 9, 38, 100
5, 13110, Note_on_c, 9, 38, 0
5, 13200, Note_on_c, 9, 35, 120
5, 13230, Note_on_c, 9, 35, 0
5, 13290, Note_on_c, 9, 35, 120
5, 13320, Note_on_c, 9, 35, 0
5, 13320, Note_on_c, 9, 38, 100
5, 13350, Note_on_c, 9, 38, 0
5, 13440, Note_on_c, 9, 35, 120
5, 13470, Note_on_c, 9, 35, 0
5, 13530, Note_on_c, 9, 35, 120
5, 13560, Note_on_c, 9, 35, 0
5, 13560, Note_on_c, 9, 38, 100
5, 13590, Note_on_c, 9, 38, 0
5, 13680, Note_on_c, 9, 35, 120
5, 13710, Note_on_c, 9, 35, 0
5, 13770, Note_on_c, 9, 35, 120
5, 13800, Note_on_c, 9, 35, 0
5, 13800, Note_on_c, 9, 38, 100
5, 13830, Note_on_c, 9, 38, 0
5, 13920, Note_on_c, 9, 35, 120
5, 13950, Note_on_c, 9, 35, 0
5, 14010, Note_on_c, 9, 35, 120
5, 14040, Note_on_c, 9, 35, 0
5, 14040, Note_on_c, 9, 38, 100
5, 14070, Note_on_c, 9, 38, 0
5, 14160, Note_on_c, 9, 35, 120
5, 14190, Note_on_c, 9, 35, 0
5, 14250, Note_on_c, 9, 35, 120
5, 14280, Note_on_c, 9, 35, 0
5, 14280, Note_on_c, 9, 38, 100
5, 14310, Note_on_c, 9, 38, 0
5, 14400, Note_on_c, 9, 35, 120
5, 14430, Note_on_c, 9, 35, 0
5, 14490, Note_on_c, 9, 35, 120
5, 14520, Note_on_c, 9, 35, 0
5, 14520, Note_on_c, 9, 38, 100
5, 14550, Note_on_c, 9, 38, 0
5, 14640, Note_on_c, 9, 35, 120
5, 14670, Note_on_c, 9, 35, 0
5, 14730, Note_on_c, 9, 35, 120
5, 14760, Note_on_c, 9, 35, 0
5, 14760, Note_on_c, 9, 38, 100
5, 14790, Note_on_c, 9, 38, 0
5, 14880, Note_on_c, 9, 35, 120
5, 14910, Note_on_c, 9, 35, 0
5, 14970, Note_on_c, 9, 35, 120
5, 15000, Note_on_c, 9, 35, 0
5, 15000, Note_on_c, 9, 38, 100
5, 15030, Note_on_c, 9, 38, 0
5, 15120, Note_on_c, 9, 35, 120
5, 15150, Note_on_c, 9, 35, 0
5, 15180, Note_on_c, 9, 38, 80
5, 15210, Note_on_c, 9, 38, 0
5, 15240, Note_on_c, 9, 38, 100
5, 15270, Note_on_c, 9, 38, 0
5, 15300, Note_on_c, 9, 38, 120
5, 15360, Note_on_c, 9, 38, 0
5, 15360, Note_on_c, 9, 35, 120
5, 15390, Note_on_c, 9, 35, 0
5, 15450, Note_on_c, 9, 35, 120
5, 15480, Note_on_c, 9, 35, 0
5, 15480, Note_on_c, 9, 38, 100
5, 15510, Note_on_c, 9, 38, 0
5, 15600, Note_on_c, 9, 35, 120
5, 15630, Note_on_c, 9, 35, 0
5, 15690, Note_on_c, 9, 35, 120
5, 15720, Note_on_c, 9, 35, 0
5, 15720, Note_on_c, 9, 38, 100
5, 15750, Note_on_c, 9, 38, 0
5, 15840, Note_on_c, 9, 35, 120
5, 15870, Note_on_c, 9, 35, 0
5, 15930, Note_on_c, 9, 35, 120
5, 15960, Note_on_c, 9, 35, 0
5, 15960, Note_on_c, 9, 38, 100
5, 15990, Note_on_c, 9, 38, 0
5, 16080, Note_on_c, 9, 35, 120
5, 16110, Note_on_c, 9, 35, 0
5, 16170, Note_on_c, 9, 35, 120
5, 16200, Note_on_c, 9, 35, 0
5, 16200, Note_on_c, 9, 38, 100
5, 16230, Note_on_c, 9, 38, 0
5, 16320, Note_on_c, 9, 35, 120
5, 16350, Note_on_c, 9, 35, 0
5, 16410, Note_on_c, 9, 35, 120
5, 16440, Note_on_c, 9, 35, 0
5, 16440, Note_on_c, 9, 38, 100
5, 16470, Note_on_c, 9, 38, 0
5, 16560, Note_on_c, 9, 35, 120
5, 16590, Note_on_c, 9, 35, 0
5, 16650, Note_on_c, 9, 35, 120
5, 16680, Note_on_c, 9, 35, 0
5, 16680, Note_on_c, 9, 38, 100
5, 16710, Note_on_c, 9, 38, 0
5, 16800, Note_on_c, 9, 35, 120
5, 16830, Note_on_c, 9, 35, 0
5, 16890, Note_on_c, 9, 35, 120
5, 16920, Note_on_c, 9, 35, 0
5, 16920, Note_on_c, 9, 38, 100
5, 16950, Note_on_c, 9, 38, 0
5, 17040, Note_on_c, 9, 35, 120
5, 17070, Note_on_c, 9, 35, 0
5, 17130, Note_on_c, 9, 35, 120
5, 17160, Note_on_c, 9, 35, 0
5, 17160, Note_on_c, 9, 38, 100
5, 17190, Note_on_c, 9, 38, 0
5, 17280, Note_on_c, 9, 35, 120
5, 17310, Note_on_c, 9, 35, 0
5, 17370, Note_on_c, 9, 35, 120
5, 17400, Note_on_c, 9, 35, 0
5, 17400, Note_on_c, 9, 38, 100
5, 17430, Note_on_c, 9, 38, 0
5, 17520, Note_on_c, 9, 35, 120
5, 17550, Note_on_c, 9, 35, 0
5, 17610, Note_on_c, 9, 35, 120
5, 17640, Note_on_c, 9, 35, 0
5, 17640, Note_on_c, 9, 38, 100
5, 17670, Note_on_c, 9, 38, 0
5, 17760, Note_on_c, 9, 35, 120
5, 17790, Note_on_c, 9, 35, 0
5, 17850, Note_on_c, 9, 35, 120
5, 17880, Note_on_c, 9, 35, 0
5, 17880, Note_on_c, 9, 38, 100
5, 17910, Note_on_c, 9, 38, 0
5, 18000, Note_on_c, 9, 35, 120
5, 18030, Note_on_c, 9, 35, 0
5, 18090, Note_on_c, 9, 35, 120
5, 18120, Note_on_c, 9, 35, 0
5, 18120, Note_on_c, 9, 38, 100
5, 18150, Note_on_c, 9, 38, 0
5, 18240, Note_on_c, 9, 35, 120
5, 18270, Note_on_c, 9, 35, 0
5, 18330, Note_on_c, 9, 35, 120
5, 18360, Note_on_c, 9, 35, 0
5, 18360, Note_on_c, 9, 38, 100
5, 18390, Note_on_c, 9, 38, 0
5, 18480, Note_on_c, 9, 35, 120
5, 18510, Note_on_c, 9, 35, 0
5, 18570, Note_on_c, 9, 35, 120
5, 18600, Note_on_c, 9, 35, 0
5, 18600, Note_on_c, 9, 38, 100
5, 18630, Note_on_c, 9, 38, 0
5, 18720, Note_on_c, 9, 35, 120
5, 18750, Note_on_c, 9, 35, 0
5, 18810, Note_on_c, 9, 35, 120
5, 18840, Note_on_c, 9, 35, 0
5, 18840, Note_on_c, 9, 38, 100
5, 18870, Note_on_c, 9, 38, 0
5, 18960, Note_on_c, 9, 35, 120
5, 18990, Note_on_c, 9, 35, 0
5, 19020, Note_on_c, 9, 38, 80
5, 19050, Note_on_c, 9, 38, 0
5, 19080, Note_on_c, 9, 38, 100
5, 19110, Note_on_c, 9, 38, 0
5, 19140, Note_on_c, 9, 38, 120
5, 19170, Note_on_c, 9, 38, 0
5, 19200, Note_on_c, 9, 35, 120
5, 19230, Note_on_c, 9, 35, 0
5, 19290, Note_on_c, 9, 35, 120
5, 19320, Note_on_c, 9, 35, 0
5, 19320, Note_on_c, 9, 38, 100
5, 19350, Note_on_c, 9, 38, 0
5, 19440, Note_on_c, 9, 35, 120
5, 19470, Note_on_c, 9, 35, 0
5, 19530, Note_on_c, 9, 35, 120
5, 19560, Note_on_c, 9, 35, 0
5, 19560, Note_on_c, 9, 38, 100
5, 19590, Note_on_c, 9, 38, 0
5, 19680, Note_on_c, 9, 35, 120
5, 19710, Note_on_c, 9, 35, 0
5, 19770, Note_on_c, 9, 35, 120
5, 19800, Note_on_c, 9, 35, 0
5, 19800, Note_on_c, 9, 38, 100
5, 19830, Note_on_c, 9, 38, 0
5, 19920, Note_on_c, 9, 35, 120
5, 19950, Note_on_c, 9, 35, 0
5, 20010, Note_on_c, 9, 35, 120
5, 20040, Note_on_c, 9, 35, 0
5, 20040, Note_on_c, 9, 38, 100
5, 20070, Note_on_c, 9, 38, 0
5, 20160, Note_on_c, 9, 35, 120
5, 20190, Note_on_c, 9, 35, 0
5, 20250, Note_on_c, 9, 35, 120
5, 20280, Note_on_c, 9, 35, 0
5, 20280, Note_on_c, 9, 38, 100
5, 20310, Note_on_c, 9, 38, 0
5, 20400, Note_on_c, 9, 35, 120
5, 20430, Note_on_c, 9, 35, 0
5, 20490, Note_on_c, 9, 35, 120
5, 20520, Note_on_c, 9, 35, 0
5, 20520, Note_on_c, 9, 38, 100
5, 20550, Note_on_c, 9, 38, 0
5, 20640, Note_on_c, 9, 35, 120
5, 20670, Note_on_c, 9, 35, 0
5, 20730, Note_on_c, 9, 35, 120
5, 20760, Note_on_c, 9, 35, 0
5, 20760, Note_on_c, 9, 38, 100
5, 20790, Note_on_c, 9, 38, 0
5, 20880, Note_on_c, 9, 35, 120
5, 20910, Note_on_c, 9, 35, 0
5, 20970, Note_on_c, 9, 35, 120
5, 21000, Note_on_c, 9, 35, 0
5, 21000, Note_on_c, 9, 38, 100
5, 21030, Note_on_c, 9, 38, 0
5, 21120, Note_on_c, 9, 35, 120
5, 21150, Note_on_c, 9, 35, 0
5, 21210, Note_on_c, 9, 35, 120
5, 21240, Note_on_c, 9, 35, 0
5, 21240, Note_on_c, 9, 38, 100
5, 21270, Note_on_c, 9, 38, 0
5, 21360, Note_on_c, 9, 35, 120
5, 21390, Note_on_c, 9, 35, 0
5, 21450, Note_on_c, 9, 35, 120
5, 21480, Note_on_c, 9, 35, 0
5, 21480, Note_on_c, 9, 38, 100
5, 21510, Note_on_c, 9, 38, 0
5, 21600, Note_on_c, 9, 35, 120
5, 21630, Note_on_c, 9, 35, 0
5, 21690, Note_on_c, 9, 35, 120
5, 21720, Note_on_c, 9, 35, 0
5, 21720, Note_on_c, 9, 38, 100
5, 21750, Note_on_c, 9, 38, 0
5, 21840, Note_on_c, 9, 35, 120
5, 21870, Note_on_c, 9, 35, 0
5, 21930, Note_on_c, 9, 35, 120
5, 21960, Note_on_c, 9, 35, 0
5, 21960, Note_on_c, 9, 38, 100
5, 21990, Note_on_c, 9, 38, 0
5, 22080, Note_on_c, 9, 35, 120
5, 22110, Note_on_c, 9, 35, 0
5, 22170, Note_on_c, 9, 35, 120
5, 22200, Note_on_c, 9, 35, 0
5, 22200, Note_on_c, 9, 38, 100
5, 22230, Note_on_c, 9, 38, 0
5, 22320, Note_on_c, 9, 35, 120
5, 22350, Note_on_c, 9, 35, 0
5, 22410, Note_on_c, 9, 35, 120
5, 22440, Note_on_c, 9, 35, 0
5, 22440, Note_on_c, 9, 38, 100
5, 22470, Note_on_c, 9, 38, 0
5, 22560, Note_on_c, 9, 35, 120
5, 22590, Note_on_c, 9, 35, 0
5, 22650, Note_on_c, 9, 35, 120
5, 22680, Note_on_c, 9, 35, 0
5, 22680, Note_on_c, 9, 38, 100
5, 22710, Note_on_c, 9, 38, 0
5, 22800, Note_on_c, 9, 35, 120
5, 22830, Note_on_c, 9, 35, 0
5, 22860, Note_on_c, 9, 38, 80
5, 22890, Note_on_c, 9, 38, 0
5, 22920, Note_on_c, 9, 38, 100
5, 22950, Note_on_c, 9, 38, 0
5, 22980, Note_on_c, 9, 38, 120
5, 23010, Note_on_c, 9, 38, 0
5, 23040, Note_on_c, 9, 35, 120
5, 23070, Note_on_c, 9, 35, 0
5, 23130, Note_on_c, 9, 35, 120
5, 23160, Note_on_c, 9, 35, 0
5, 23160, Note_on_c, 9, 38, 100
5, 23190, Note_on_c, 9, 38, 0
5, 23280, Note_on_c, 9, 35, 120
5, 23310, Note_on_c, 9, 35, 0
5, 23370, Note_on_c, 9, 35, 120
5, 23400, Note_on_c, 9, 35, 0
5, 23400, Note_on_c, 9, 38, 100
5, 23430, Note_on_c, 9, 38, 0
5, 23520, Note_on_c, 9, 35, 120
5, 23550, Note_on_c, 9, 35, 0
5, 23610, Note_on_c, 9, 35, 120
5, 23640, Note_on_c, 9, 35, 0
5, 23640, Note_on_c, 9, 38, 100
5, 23670, Note_on_c, 9, 38, 0
5, 23760, Note_on_c, 9, 35, 120
5, 23790, Note_on_c, 9, 35, 0
5, 23850, Note_on_c, 9, 35, 120
5, 23880, Note_on_c, 9, 35, 0
5, 23880, Note_on_c, 9, 38, 100
5, 23910, Note_on_c, 9, 38, 0
5, 24000, Note_on_c, 9, 35, 120
5, 24030, Note_on_c, 9, 35, 0
5, 24090, Note_on_c, 9, 35, 120
5, 24120, Note_on_c, 9, 35, 0
5, 24120, Note_on_c, 9, 38, 100
5, 24150, Note_on_c, 9, 38, 0
5, 24240, Note_on_c, 9, 35, 120
5, 24270, Note_on_c, 9, 35, 0
5, 24330, Note_on_c, 9, 35, 120
5, 24360, Note_on_c, 9, 35, 0
5, 24360, Note_on_c, 9, 38, 100
5, 24390, Note_on_c, 9, 38, 0
5, 24480, Note_on_c, 9, 35, 120
5, 24510, Note_on_c, 9, 35, 0
5, 24570, Note_on_c, 9, 35, 120
5, 24600, Note_on_c, 9, 35, 0
5, 24600, Note_on_c, 9, 38, 100
5, 24630, Note_on_c, 9, 38, 0
5, 24720, Note_on_c, 9, 35, 120
5, 24750, Note_on_c, 9, 35, 0
5, 24810, Note_on_c, 9, 35, 120
5, 24840, Note_on_c, 9, 35, 0
5, 24840, Note_on_c, 9, 38, 100
5, 24870, Note_on_c, 9, 38, 0
5, 24960, Note_on_c, 9, 35, 120
5, 24990, Note_on_c, 9, 35, 0
5, 25050, Note_on_c, 9, 35, 120
5, 25080, Note_on_c, 9, 35, 0
5, 25080, Note_on_c, 9, 38, 100
5, 25110, Note_on_c, 9, 38, 0
5, 25200, Note_on_c, 9, 35, 120
5, 25230, Note_on_c, 9, 35, 0
5, 25290, Note_on_c, 9, 35, 120
5, 25320, Note_on_c, 9, 35, 0
5, 25320, Note_on_c, 9, 38, 100
5, 25350, Note_on_c, 9, 38, 0
5, 25440, Note_on_c, 9, 35, 120
5, 25470, Note_on_c, 9, 35, 0
5, 25530, Note_on_c, 9, 35, 120
5, 25560, Note_on_c, 9, 35, 0
5, 25560, Note_on_c, 9, 38, 100
5, 25590, Note_on_c, 9, 38, 0
5, 25680, Note_on_c, 9, 35, 120
5, 25710, Note_on_c, 9, 35, 0
5, 25770, Note_on_c, 9, 35, 120
5, 25800, Note_on_c, 9, 35, 0
5, 25800, Note_on_c, 9, 38, 100
5, 25830, Note_on_c, 9, 38, 0
5, 25920, Note_on_c, 9, 35, 120
5, 25950, Note_on_c, 9, 35, 0
5, 26010, Note_on_c, 9, 35, 120
5, 26040, Note_on_c, 9, 35, 0
5, 26040, Note_on_c, 9, 38, 100
5, 26070, Note_on_c, 9, 38, 0
5, 26160, Note_on_c, 9, 35, 120
5, 26190, Note_on_c, 9, 35, 0
5, 26250, Note_on_c, 9, 35, 120
5, 26280, Note_on_c, 9, 35, 0
5, 26280, Note_on_c, 9, 38, 100
5, 26310, Note_on_c, 9, 38, 0
5, 26400, Note_on_c, 9, 35, 120
5, 26430, Note_on_c, 9, 35, 0
5, 26490, Note_on_c, 9, 35, 120
5, 26520, Note_on_c, 9, 35, 0
5, 26520, Note_on_c, 9, 38, 100
5, 26550, Note_on_c, 9, 38, 0
5, 26640, Note_on_c, 9, 35, 120
5, 26670, Note_on_c, 9, 35, 0
5, 26700, Note_on_c, 9, 38, 80
5, 26730, Note_on_c, 9, 38, 0
5, 26760, Note_on_c, 9, 38, 100
5, 26790, Note_on_c, 9, 38, 0
5, 26820, Note_on_c, 9, 38, 120
5, 26850, Note_on_c, 9, 38, 0
5, 26880, Note_on_c, 9, 35, 120
5, 26910, Note_on_c, 9, 35, 0
5, 26970, Note_on_c, 9, 35, 120
5, 27000, Note_on_c, 9, 35, 0
5, 27000, Note_on_c, 9, 38, 100
5, 27030, Note_on_c, 9, 38, 0
5, 27120, Note_on_c, 9, 35, 120
5, 27150, Note_on_c, 9, 35, 0
5, 27210, Note_on_c, 9, 35, 120
5, 27240, Note_on_c, 9, 35, 0
5, 27240, Note_on_c, 9, 38, 100
5, 27270, Note_on_c, 9, 38, 0
5, 27360, Note_on_c, 9, 35, 120
5, 27390, Note_on_c, 9, 35, 0
5, 27450, Note_on_c, 9, 35, 120
5, 27480, Note_on_c, 9, 35, 0
5, 27480, Note_on_c, 9, 38, 100
5, 27510, Note_on_c, 9, 38, 0
5, 27600, Note_on_c, 9, 35, 120
5, 27630, Note_on_c, 9, 35, 0
5, 27690, Note_on_c, 9, 35, 120
5, 27720, Note_on_c, 9, 35, 0
5, 27720, Note_on_c, 9, 38, 100
5, 27750, Note_on_c, 9, 38, 0
5, 27840, Note_on_c, 9, 35, 120
5, 27870, Note_on_c, 9, 35, 0
5, 27930, Note_on_c, 9, 35, 120
5, 27960, Note_on_c, 9, 35, 0
5, 27960, Note_on_c, 9, 38, 100
5, 27990, Note_on_c, 9, 38, 0
5, 28080, Note_on_c, 9, 35, 120
5, 28110, Note_on_c, 9, 35, 0
5, 28170, Note_on_c, 9, 35, 120
5, 28200, Note_on_c, 9, 35, 0
5, 28200, Note_on_c, 9, 38, 100
5, 28230, Note_on_c, 9, 38, 0
5, 28320, Note_on_c, 9, 35, 120
5, 28350, Note_on_c, 9, 35, 0
5, 28410, Note_on_c, 9, 35, 120
5, 28440, Note_on_c, 9, 35, 0
5, 28440, Note_on_c, 9, 38, 100
5, 28470, Note_on_c, 9, 38, 0
5, 28560, Note_on_c, 9, 35, 120
5, 28590, Note_on_c, 9, 35, 0
5, 28650, Note_on_c, 9, 35, 120
5, 28680, Note_on_c, 9, 35, 0
5, 28680, Note_on_c, 9, 38, 100
5, 28710, Note_on_c, 9, 38, 0
5, 28800, Note_on_c, 9, 35, 120
5, 28830, Note_on_c, 9, 35, 0
5, 28890, Note_on_c, 9, 35, 120
5, 28920, Note_on_c, 9, 35, 0
5, 28920, Note_on_c, 9, 38, 100
5, 28950, Note_on_c, 9, 38, 0
5, 29040, Note_on_c, 9, 35, 120
5, 29070, Note_on_c, 9, 35, 0
5, 29130, Note_on_c, 9, 35, 120
5, 29160, Note_on_c, 9, 35, 0
5, 29160, Note_on_c, 9, 38, 100
5, 29190, Note_on_c, 9, 38, 0
5, 29280, Note_on_c, 9, 35, 120
5, 29310, Note_on_c, 9, 35, 0
5, 29370, Note_on_c, 9, 35, 120
5, 29400, Note_on_c, 9, 35, 0
5, 29400, Note_on_c, 9, 38, 100
5, 29430, Note_on_c, 9, 38, 0
5, 29520, Note_on_c, 9, 35, 120
5, 29550, Note_on_c, 9, 35, 0
5, 29610, Note_on_c, 9, 35, 120
5, 29640, Note_on_c, 9, 35, 0
5, 29640, Note_on_c, 9, 38, 100
5, 29670, Note_on_c, 9, 38, 0
5, 29760, Note_on_c, 9, 35, 120
5, 29790, Note_on_c, 9, 35, 0
5, 29850, Note_on_c, 9, 35, 120
5, 29880, Note_on_c, 9, 35, 0
5, 29880, Note_on_c, 9, 38, 100
5, 29910, Note_on_c, 9, 38, 0
5, 30000, Note_on_c, 9, 35, 120
5, 30030, Note_on_c, 9, 35, 0
5, 30090, Note_on_c, 9, 35, 120
5, 30120, Note_on_c, 9, 35, 0
5, 30120, Note_on_c, 9, 38, 100
5, 30150, Note_on_c, 9, 38, 0
5, 30240, Note_on_c, 9, 35, 120
5, 30270, Note_on_c, 9, 35, 0
5, 30330, Note_on_c, 9, 35, 120
5, 30360, Note_on_c, 9, 35, 0
5, 30360, Note_on_c, 9, 38, 100
5, 30390, Note_on_c, 9, 38, 0
5, 30480, Note_on_c, 9, 35, 120
5, 30510, Note_on_c, 9, 35, 0
5, 30540, Note_on_c, 9, 38, 80
5, 30570, Note_on_c, 9, 38, 0
5, 30600, Note_on_c, 9, 38, 100
5, 30630, Note_on_c, 9, 38, 0
5, 30660, Note_on_c, 9, 38, 120
5, 30720, Note_on_c, 9, 38, 0
5, 30720, End_track
6, 0, Start_track
6, 0, End_track
0, 0, End_of_file
